{
  "hash": "b87fc1c321774496b08f4c34638c5fcf",
  "result": {
    "engine": "knitr",
    "markdown": "---\ntitle: Qualitative approach to topology generators\nauthor: Tanya Strydom\n---\n\n\nHere we will use the standard [REF FOR TIDYVERSE] and @gaoGgVennDiagramIntuitiveEasytoUse2021 to create a venn diagram for the quantitative portion of or generator/model overview process.\n\n\n::: {.cell}\n\n```{.r .cell-code .hidden}\nlibrary(tidyverse)\n```\n\n::: {.cell-output .cell-output-stderr .hidden}\n\n```\n── Attaching core tidyverse packages ──────────────────────── tidyverse 2.0.0 ──\n✔ dplyr     1.1.4     ✔ readr     2.1.5\n✔ forcats   1.0.0     ✔ stringr   1.5.1\n✔ ggplot2   3.4.4     ✔ tibble    3.2.1\n✔ lubridate 1.9.3     ✔ tidyr     1.3.1\n✔ purrr     1.0.2     \n── Conflicts ────────────────────────────────────────── tidyverse_conflicts() ──\n✖ dplyr::filter() masks stats::filter()\n✖ dplyr::lag()    masks stats::lag()\nℹ Use the conflicted package (<http://conflicted.r-lib.org/>) to force all conflicts to become errors\n```\n\n\n:::\n\n```{.r .cell-code .hidden}\nlibrary(ggVennDiagram)\n```\n\n::: {.cell-output .cell-output-stderr .hidden}\n\n```\n\nAttaching package: 'ggVennDiagram'\n\nThe following object is masked from 'package:tidyr':\n\n    unite\n```\n\n\n:::\n:::\n\n\n\nFirst we need to create the df with the relevant 'traits' for each model\n\n\n::: {.cell}\n\n```{.r .cell-code .hidden}\nx <- list(Niche=c(\"species agnostic\", \"structural\", \"synthetic network\"),\n          ADBM=c(\"node-level\", \"mechanistic\"),\n          `Transfer`=c(\"node-level\", \"embedding\", \"metaweb\"),\n          PFIM=c(\"node-level\", \"mechanistic\", \"metaweb\"),\n          Cascade=c(\"species agnostic\", \"structural\", \"synthetic network\"))\n\nvenn <- Venn(x)\ndata <- process_data(venn)\n```\n:::\n\n\nCreate venn diagram:\n\n\n::: {#cell-fig-venn .cell}\n\n```{.r .cell-code .hidden}\n#| label: fig-venn\n#| fig-cap: \"Venn diagram for qualitative analysis/overview of the fancy maths things\"\n#| fig-alt: \"TODO\"\nggVennDiagram(x, \n              label = \"none\") +\n  theme_void() +\n  theme(legend.position = 'none')\n```\n\n::: {.cell-output-display}\n![Venn diagram for qualitative analysis/overview of the fancy maths things](model_qualitative_files/figure-ipynb/fig-venn-1.png){#fig-venn fig-alt='TODO'}\n:::\n:::\n\n\nLooking at it now I don't think this is the wayTM and trying to sort of 'ordinate' modelling space might actually be more meaningful... Specifically thinking here that I need to also actually just read about model comparison (but without the performance aspect)\n\n## References {.unnumbered}\n\n::: {#refs}\n:::",
    "supporting": [
      "model_qualitative_files/figure-ipynb"
    ],
    "filters": [
      "rmarkdown/pagebreak.lua"
    ],
    "includes": {},
    "engineDependencies": {},
    "preserve": null,
    "postProcess": false
  }
}