<?xml version="1.0" encoding="utf-8" ?>
<!DOCTYPE article PUBLIC "-//NLM//DTD JATS (Z39.96) Journal Archiving
and Interchange DTD v1.2 20190208//EN" "JATS-archivearticle1.dtd">

<article xmlns:mml="http://www.w3.org/1998/Math/MathML" xmlns:xlink="http://www.w3.org/1999/xlink" dtd-version="1.2" article-type="other">

<front>
<journal-meta>
<journal-id></journal-id>

<journal-title-group>
<journal-title>Some fancy journal</journal-title>
</journal-title-group>
<issn></issn>

<publisher>
<publisher-name></publisher-name>
</publisher>
</journal-meta>


<article-meta>


<title-group>
<article-title>T is for Topology</article-title>
</title-group>

<contrib-group>
<contrib contrib-type="author" corresp="yes">
<contrib-id contrib-id-type="orcid">0000-0001-6067-1349</contrib-id>
<name>
<surname>Strydom</surname>
<given-names>Tanya</given-names>
</name>
<string-name>Tanya Strydom</string-name>

<email>t.strydom@sheffield.ac.uk</email>
<role>Words</role>
<role>Nonsense</role>
<role>Rascality</role>
<role>Visualisation (although absent)</role>
<xref ref-type="aff" rid="sheffield">a</xref>
<xref ref-type="corresp" rid="cor-ts">&#x002A;</xref>
</contrib>
<contrib contrib-type="author">
<contrib-id contrib-id-type="orcid">0000-0002-7859-8394</contrib-id>
<name>
<surname>Beckerman</surname>
<given-names>Andrew P.</given-names>
</name>
<string-name>Andrew P. Beckerman</string-name>

<xref ref-type="aff" rid="sheffield">a</xref>
</contrib>
</contrib-group>
<aff id="sheffield">
<institution-wrap>
<institution>University of Sheffield</institution>
</institution-wrap>







</aff>
<author-notes>
<corresp id="cor-ts">t.strydom@sheffield.ac.uk</corresp>
</author-notes>

<pub-date date-type="pub" publication-format="electronic" iso-8601-date="2024-02-20">
<year>2024</year>
<month>2</month>
<day>20</day>
</pub-date>







<history></history>


<abstract>
<p>Pending…</p>
</abstract>
<kwd-group kwd-group-type="author">
<kwd>food web</kwd>
<kwd>network construction</kwd>
</kwd-group>


<funding-group>
<funding-statement>The author(s) received no specific funding for this
work. Well they did I just haven’t done the</funding-statement>
</funding-group>


</article-meta>

</front>

<body>
<sec id="introduction">
  <title>1 Introduction</title>
  <p>The standard run of the mill that we cannot always feasibly
  construct networks because 1. hard, 2. time (yay dinosaurs, but also
  the future and impending doom I guess), and 3. probably something else
  meaningful that’s just slipping my mind at the moment. Some of the
  usual culprits will come in here like: Jordano
  (<xref alt="2016b" rid="ref-jordanoSamplingNetworksEcological2016" ref-type="bibr">2016b</xref>);
  (<xref alt="Jordano 2016a" rid="ref-jordanoChasingEcologicalInteractions2016" ref-type="bibr">Jordano
  2016a</xref>); Poisot et al.
  (<xref alt="2021" rid="ref-poisotGlobalKnowledgeGaps2021" ref-type="bibr">2021</xref>)</p>
  <disp-quote>
    <p>TODO: standardise language between a topology generator and a
    topology predictor… I guess they can both be considered models but
    I’m not quite sure…</p>
  </disp-quote>
  <sec id="philosophical-contemplation-when-constructing-interaction-networks">
    <title>1.1 Philosophical contemplation when constructing interaction
    networks</title>
    <sec id="why-do-we-want-to-construct-an-interaction-network">
      <title>1.1.1 Why do we want to construct an interaction
      network?</title>
      <p>Arguably the need for methods and tools for constructing
      interaction networks arises from two different (but still aligned)
      places of interest within the field of network ecology. On the one
      side of the spectrum sits the researcher who is interested in
      generating a set of ecologically plausible but not necessarily
      realised ‘in the field’ for the purpose of running further
      simulations (<italic>e.g.,</italic> extinction sim REF?
      <bold>TODO</bold>) or understanding some higher-level process
      (<italic>e.g.,</italic> energetics REF <bold>TODO</bold>). This
      researcher is contrasted by one that is interested in constructing
      real-world, location specific interactions networks in lieu of
      having access to data generated in the field (see Strydom et al.
      (<xref alt="2021" rid="ref-strydomRoadmapPredictingSpecies2021" ref-type="bibr">2021</xref>)
      for a discussion on this). Of course these two categories are not
      distinct, mutually exclusive, groups but can rather be viewed as
      operating on a gradient ranging from a need for generality
      (<italic>something</italic>) to a need for specificity
      (local-level predictions) when it comes to the quality(?) of the
      network that is constructed by a specific tool. Of course this
      research need would also reflected in the model development
      process itself and thus the idea of what a ‘good enough’
      constructed network will be in the context of assessing the
      performance of a specific model.</p>
      <p>Joel E. Cohen, Newman, and Steele
      (<xref alt="1985" rid="ref-cohenStochasticTheoryCommunity1985" ref-type="bibr">1985</xref>)
      states that <italic>“[Their] approach is more like gross anatomy
      than like physiology… that is, the gross anatomy is frozen, rather
      than in motion.”</italic>.</p>
      <p>Interestingly Williams and Martinez
      (<xref alt="2008" rid="ref-williamsSuccessItsLimits2008" ref-type="bibr">2008</xref>)
      also explicitly talk about <italic>structural</italic> food-web
      models in their introduction… so how I see it that means that
      there has always been this inherent acknowledgement that models
      are function at a specific ‘network level’.</p>
    </sec>
    <sec id="the-history-behind-the-approach">
      <title>1.1.2 The history behind the approach</title>
      <p>Maybe a brief history of the development of predictive
      tools/topo generators? Sort of where the theory/body of work was
      based and how that has changed? IS there a difference between topo
      generator and predictive tool - I’m inclined to think that it
      aligns with the whole debate of high level structure vs node-level
      perfection</p>
      <p>Maybe start here with discussing the core mechanistic
      differences that models will work at — some are really concerned
      about (and thus constrained by) structure, others are more
      mechanistic in nature <italic>i.e.,</italic> species
      <italic>a</italic> has the capacity to eat species
      <italic>b</italic> because traits (read gob size), and then you
      get Rohr et al.
      (<xref alt="2010" rid="ref-rohrModelingFoodWebs2010" ref-type="bibr">2010</xref>)
      and Strydom et al.
      (<xref alt="2022" rid="ref-strydomFoodWebReconstruction2022" ref-type="bibr">2022</xref>)
      that sit in the weird liminal latent space…</p>
      <p>Here I will probably get on my (newly discovered) soapbox and
      wax lyrical about how in certain situations structure is enough
      (and that will probably be for some high-level things like
      thinking about energy flows etc., I can also see a world in which
      maybe you want to do some sort of robustness/extinction work -
      since then you’re usually doing ‘random’ (within limits)
      extinctions) but there may be use cases where we are really
      interested in the node-level interactions <italic>i.e.,</italic>
      species identity is like a thing we need to care about and also be
      able to retrieve specific interactions at specific nodes
      correctly. What is the purpose of generating a network? Is it an
      element of a bigger question we are asking, <italic>e.g.,</italic>
      I want to generate a series of networks to do some extinction
      simulations/bioenergetic stuff OR are we looking for a ‘final
      product’ network that is relevant to a specific location? (this
      can still be broad in geographic scope).</p>
      <p>At some point we are going to need to discuss the key
      differences and implications between predicting a metaweb
      (<italic>sensu</italic> Jennifer A. Dunne
      (<xref alt="2006" rid="ref-dunneNetworkStructureFood2006" ref-type="bibr">2006</xref>))
      and a network realisation. And here I can’t help but think about
      Poisot, Stouffer, and Gravel
      (<xref alt="2015" rid="ref-poisotSpeciesWhyEcological2015" ref-type="bibr">2015</xref>)
      (and probably other papers) that discuss how the local factors are
      going to play a role and even the same pair of species may
      interact differently in different points in the landscape.</p>
      <disp-quote>
        <p>Do we need to delve into individual-based networks?
        (<italic>sensu</italic> Tinker 2012, Araújo 2008) I think its
        probably a step too far and one starts creeping into apples and
        pears type of comparisons. Especially since these work off of
        already existing networks (I seem to recall) and its more about
        about ‘tweaking’ those - so not so much <italic>de novo</italic>
        predictions. Although this might be useful to keep in mind when
        it comes to re-wiring… Also on that note do we opn the re-wiring
        door here in this ms or wait it out a bit.</p>
      </disp-quote>
    </sec>
  </sec>
</sec>
<sec id="sec-data-methods">
  <title>2 Data &amp; Methods</title>
  <sec id="overview-of-models">
    <title>2.1 Overview of models</title>
    <sec id="structural-models">
      <title>2.1.1 Structural models</title>
      <p><bold>Random model</bold>
      (<xref alt="Erdős and Rényi 1959" rid="ref-erdosRandomGraphs1959" ref-type="bibr">Erdős
      and Rényi 1959</xref>): Links are assembled randomly, not
      developed within an ecological framework. But of course could
      still hold if we assume that communities are randomly assembled in
      terms of who is interacting with who (I seem to think that’s sort
      of what May was arguing but I would need to remind myself)</p>
      <p><bold>Cascade model</bold>
      (<xref alt="Joel E. Cohen, Briand, and Newman 1990" rid="ref-cohenCommunityFoodWebs1990" ref-type="bibr">Joel
      E. Cohen, Briand, and Newman 1990</xref>): Much like the name
      suggests the cascade model rests on the idea that species feed on
      one another in a hierarchical manner. This rests on the assumption
      that the links within a network are variably distributed across
      the network; with the proportion of links decreasing as one moves
      up the trophic levels (<italic>i.e.,</italic> ‘many’ prey and
      ‘few’ predators). This is achieved by assigning all species a
      random rank, this rank will then determine both the predators and
      prey of that species. A species will have a particular probability
      of being fed on by any species with a higher ranking than it, this
      probability is constrained by the specified connectance of the
      network. Interestingly here ‘species’ are treated as any
      individual that consume and are consumed by the same ‘species’,
      <italic>i.e.,</italic> these are not taxonomical species
      (<xref alt="Joel E. Cohen, Newman, and Steele 1985" rid="ref-cohenStochasticTheoryCommunity1985" ref-type="bibr">Joel
      E. Cohen, Newman, and Steele 1985</xref>). The original cascade
      model has altered to be more ‘generalised’
      (<xref alt="Stouffer et al. 2005" rid="ref-stoufferQuantitativePatternsStructure2005" ref-type="bibr">Stouffer
      et al. 2005</xref>), which altered the probability distribution of
      the prey that could be consumed by a species.</p>
      <p><bold>Niche model</bold>
      (<xref alt="Williams and Martinez 2000" rid="ref-williamsSimpleRulesYield2000" ref-type="bibr">Williams
      and Martinez 2000</xref>): The niche model introduces the idea
      that species interactions are based on the ‘feeding niche’ of a
      species. Broadly, all species are randomly assigned a ‘feeding
      niche’ range and all species that fall in this range can be
      consumed by that species (thereby allowing for cannibalism). The
      niche of each species is randomly assigned and the range of each
      species’ niche is (in part) constrained by the specified
      connectance of the network. The niche model has also been
      modified, although it appears that adding to the ‘complexity’ of
      the niche model does not improve on its ability to generate a more
      ecologically ‘correct’ network
      (<xref alt="Williams and Martinez 2008" rid="ref-williamsSuccessItsLimits2008" ref-type="bibr">Williams
      and Martinez 2008</xref>).</p>
      <p><bold>Nested hierarchy model</bold>
      (<xref alt="Cattin et al. 2004" rid="ref-cattinPhylogeneticConstraintsAdaptation2004" ref-type="bibr">Cattin
      et al. 2004</xref>):</p>
    </sec>
    <sec id="mechanistic-models">
      <title>2.1.2 Mechanistic models</title>
      <p><bold>Allometric diet breadth model (ADBM)</bold>
      (<xref alt="Petchey et al. 2008" rid="ref-petcheySizeForagingFood2008" ref-type="bibr">Petchey
      et al. 2008</xref>):</p>
      <p><bold>Log-ratio</bold>
      (<xref alt="Rohr et al. 2010" rid="ref-rohrModelingFoodWebs2010" ref-type="bibr">Rohr
      et al. 2010</xref>): Interestingly often used in paleo settings
      (at least that’s what it currently looks like in my mind…
      (<italic>e.g.,</italic> Yeakel et al.
      (<xref alt="2014" rid="ref-yeakelCollapseEcologicalNetwork2014" ref-type="bibr">2014</xref>),
      Pires et al.
      (<xref alt="2020" rid="ref-piresMegafaunalExtinctionsHuman2020" ref-type="bibr">2020</xref>))</p>
      <p><bold>Stochastic</bold>
      (<xref alt="Rossberg et al. 2006" rid="ref-rossbergFoodWebsExperts2006" ref-type="bibr">Rossberg
      et al. 2006</xref>):</p>
      <p><bold>PFIM</bold>
      (<xref alt="Shaw et al. 2024" rid="ref-shawFrameworkReconstructingAncient2024" ref-type="bibr">Shaw
      et al. 2024</xref>):</p>
      <p><bold>Trait-based</bold>
      (<xref alt="Caron et al. 2022" rid="ref-caronAddressingEltonianShortfall2022" ref-type="bibr">Caron
      et al. 2022</xref>):</p>
      <p><bold>Graph embedding</bold>
      (<xref alt="Strydom et al. 2022" rid="ref-strydomFoodWebReconstruction2022" ref-type="bibr">Strydom
      et al. 2022</xref>,
      <xref alt="2023" rid="ref-strydomGraphEmbeddingTransfer2023" ref-type="bibr">2023</xref>):
      At a high level graph embedding focuses on capturing the
      structural data of a network as opposed to a list of pairwise
      (<italic>i.e.,</italic> mechanistic) interactions. Here
      specifically the embedding is preformed on a known interaction
      network and captures information as to where species (nodes) are
      positioned in a network <italic>e.g.,</italic> are they basal prey
      species or top predators, similar to the log ratio model. In
      Strydom et al.
      (<xref alt="2022" rid="ref-strydomFoodWebReconstruction2022" ref-type="bibr">2022</xref>)
      the products of the embedding process are fed into a transfer
      learning framework for novel prediction…</p>
      <p>I know tables are awful but in this case they may make more
      sense. Also I don’t think I’m at the point where I can say that
      the table is complete/comprehensive but it getting there Not sure
      about putting in some papers that have used the model - totes
      happy to drop those I think…</p>
      <fig id="tbl-history">
        <caption><p>Table 1: Lets make a table that gives an overview of
        the different topology generators that we will look
        at</p></caption>
        <table-wrap>
          <table>
            <colgroup>
              <col width="24%" />
              <col width="18%" />
              <col width="15%" />
              <col width="20%" />
              <col width="16%" />
              <col width="7%" />
            </colgroup>
            <thead>
              <tr>
                <th>Model</th>
                <th>Core Mechanism</th>
                <th>End product</th>
                <th>Specificity</th>
                <th>Interaction</th>
                <th>Data</th>
              </tr>
            </thead>
            <tbody>
              <tr>
                <td>random</td>
                <td>structural</td>
                <td>network</td>
                <td>species agnostic</td>
                <td>binary</td>
                <td></td>
              </tr>
              <tr>
                <td>cascade</td>
                <td>structural</td>
                <td>network</td>
                <td>species agnostic</td>
                <td>binary</td>
                <td></td>
              </tr>
              <tr>
                <td>niche</td>
                <td>structural</td>
                <td>network</td>
                <td>species agnostic</td>
                <td>binary</td>
                <td></td>
              </tr>
              <tr>
                <td>nested hierarchical</td>
                <td>structural</td>
                <td>network</td>
                <td>species agnostic</td>
                <td>binary</td>
                <td></td>
              </tr>
              <tr>
                <td>ADBM</td>
                <td>mechanistic</td>
                <td></td>
                <td>energetics</td>
                <td>quantitative</td>
                <td></td>
              </tr>
              <tr>
                <td>log-ratio</td>
                <td>pondering…</td>
                <td></td>
                <td></td>
                <td></td>
                <td></td>
              </tr>
              <tr>
                <td>PFIM</td>
                <td>mechanistic</td>
                <td>metaweb</td>
                <td>trait based</td>
                <td>pondering…</td>
                <td></td>
              </tr>
              <tr>
                <td>graph embedding</td>
                <td>embedding</td>
                <td>metaweb</td>
                <td>evolutionary</td>
                <td>probabilistic</td>
                <td></td>
              </tr>
              <tr>
                <td>trait model</td>
                <td>mechanistic</td>
                <td>metaweb</td>
                <td>trait based</td>
                <td></td>
                <td></td>
              </tr>
              <tr>
                <td>stochastic</td>
                <td></td>
                <td></td>
                <td></td>
                <td></td>
                <td></td>
              </tr>
            </tbody>
          </table>
        </table-wrap>
      </fig>
      <disp-quote>
        <p>Might be nice to have a little appendix/supp mat that breaks
        down the models in detail so that they are all in one place so
        that someone (grad student being told they need to build
        networks) some day can go and educate themselves with slightly
        lower effort. This will also be useful for me should I end up
        having to do some actual coding - think of this as step one in
        the pseudo code process.</p>
      </disp-quote>
    </sec>
  </sec>
  <sec id="datasets-used">
    <title>2.2 Datasets used</title>
    <p>Here I think we need to span a variety of domains, at minimum
    aquatic and terrestrial but maybe there should be a ‘scale’ element
    as well <italic>i.e.,</italic> a regional and local network. I think
    there is going to be a ‘turning point’ where structural will take
    over from mechanistic in terms of performance. More specifically at
    local scales bioenergetic constraints (and co-occurrence) may play a
    bigger role in structuring a network whereas at the metaweb level
    then mechanistic may make more (since by default its about who can
    potentially interact and obviously not constrained by real-world
    scenarios) <italic>sensu</italic> Caron et al.
    (<xref alt="2023" rid="ref-caronTrophicInteractionModels2023" ref-type="bibr">2023</xref>).
    Although having said that I feel that contradicts the idea of
    backbones (<italic>sensu</italic> Bramon Mora (sp?) et al &amp;
    Stouffer et al) But that might be where we get the idea of core
    <italic>structure</italic> vs something like linkage density. So
    core things like trophic level/chain length will be conserved but
    connectance might not (I think I understand what I’m trying to say
    here)</p>
    <p>I think we should also use the Dunne (I think) Cambrian (also
    think) network (I was correct and its this one Jennifer A. Dunne et
    al.
    (<xref alt="2008" rid="ref-dunneCompilationNetworkAnalyses2008" ref-type="bibr">2008</xref>)).
    Because 1) it gives the paleo-centric methods their moment in the
    sun and 2) I think it also brings up the interesting question of can
    we use modern structure to predict past ones? Here one might expect
    a more mechanistic approach to shine.</p>
    <p>Draw the other datasets from <monospace>Mangal</monospace>
    because they will be nicely formatted and essentially at point and
    shoot level</p>
  </sec>
  <sec id="comparing-different-models">
    <title>2.3 Comparing different models</title>
    <p>For now the (still essentially pending) workflow/associated code
    can be found at the following repository
    <ext-link ext-link-type="uri" xlink:href="https://github.com/BecksLab/topology_generators">BecksLab/topology_generators</ext-link></p>
    <list list-type="order">
      <list-item>
        <p>Shortlist/finalise the different topo generators</p>
      </list-item>
      <list-item>
        <p>collate/translate into <monospace>Julia</monospace></p>
        <list list-type="bullet">
          <list-item>
            <p><italic>e.g.,</italic> some models wil be in
            SpeciesInteractionNetworks.jl (new EcoNet); I know (parts
            of) the transfer learning stuff is and the niche model</p>
          </list-item>
          <list-item>
            <p>others will need to be coded out (the more simpler models
            should be easier)</p>
          </list-item>
          <list-item>
            <p>can also consider <monospace>R</monospace> but then it
            becomes a case of porting things left and right depending on
            how we decide to do the post analyses</p>
          </list-item>
        </list>
      </list-item>
      <list-item>
        <p>Curate networks for the different datasets/scenarios we
        select - I feel like there might be some scenarios that we can’t
        do all models for all datasets but maybe I’m being a
        pessimist.</p>
        <list list-type="bullet">
          <list-item>
            <p>Need to also think about where one might find the
            additional data for some of the models…</p>
            <list list-type="bullet">
              <list-item>
                <p>Body size: Herberstein et al.
                (<xref alt="2022" rid="ref-herbersteinAnimalTraitsCuratedAnimal2022" ref-type="bibr">2022</xref>)
                - Although maybe Andrew has strong thotsTM RE the one
                true body size database to rule them all…</p>
              </list-item>
              <list-item>
                <p>Other trait sources: Wilman et al.
                (<xref alt="2014" rid="ref-wilmanEltonTraitsSpecieslevelForaging2014" ref-type="bibr">2014</xref>)
                and Jones et al.
                (<xref alt="2009" rid="ref-jonesPanTHERIASpecieslevelDatabase2009" ref-type="bibr">2009</xref>)</p>
              </list-item>
              <list-item>
                <p>This is where we’ll get the paleo traits from if I’m
                correct Bambach, Bush, and Erwin
                (<xref alt="2007" rid="ref-bambachAutecologyFillingEcospace2007" ref-type="bibr">2007</xref>)</p>
              </list-item>
              <list-item>
                <p>Phylogeny stuff: Upham, Esselstyn, and Jetz
                (<xref alt="2019" rid="ref-uphamInferringMammalTree2019" ref-type="bibr">2019</xref>)
                (what we used for TL but its only mammals…) but I’m sure
                there will be others</p>
              </list-item>
            </list>
          </list-item>
          <list-item>
            <p>Also limitation of scope… <italic>e.g.,</italic> do we
            even dare to think about including plants/basal producers
            (see <italic>e.g.,</italic> Valdovinos et al.
            (<xref alt="2023" rid="ref-valdovinosBioenergeticFrameworkAboveground2023" ref-type="bibr">2023</xref>))</p>
          </list-item>
          <list-item>
            <p>Taxonomic harmonisation - something to think about and
            check</p>
          </list-item>
        </list>
      </list-item>
      <list-item>
        <p>compare model performance based on the ideas currently listed
        in the results section.</p>
      </list-item>
      <list-item>
        <p>Make a pretty picture that summarises things - maybe
        overlapping Venn circles that showcase which models do well in
        the different spheres/aspects of life</p>
      </list-item>
    </list>
  </sec>
</sec>
<sec id="results">
  <title>3 Results</title>
  <p>How we want to compare and contrast. I think there won’t be a
  ‘winner’ and thus we need to think of ‘tests’ that are going to
  measure performance in different situations/settings. With that in
  mind I think some valuable points to consider would be:</p>
  <list list-type="bullet">
    <list-item>
      <p>Structural vs pairwise link predictions (graph vs node
      level)</p>
      <list list-type="bullet">
        <list-item>
          <p>% of links correctly retrieved</p>
        </list-item>
        <list-item>
          <p>connectance</p>
        </list-item>
        <list-item>
          <p>trophic level</p>
        </list-item>
        <list-item>
          <p>generalism vs specialism</p>
        </list-item>
        <list-item>
          <p>something related to false positives/negatives</p>
        </list-item>
        <list-item>
          <p>intervality</p>
        </list-item>
      </list>
    </list-item>
    <list-item>
      <p>Data ‘cost’ (some methods might need a lot lot of supporting
      data vs something very light weight)</p>
    </list-item>
    <list-item>
      <p>I think it would be remiss to not also take into consideration
      computational cost</p>
    </list-item>
    <list-item>
      <p>something about the network output - I’m acknowledging my
      biases and saying that probabilistic (or <italic>maybe</italic>
      weighted) links are the way</p>
    </list-item>
  </list>
  <p>Joel E. Cohen, Newman, and Steele
  (<xref alt="1985" rid="ref-cohenStochasticTheoryCommunity1985" ref-type="bibr">1985</xref>)
  actually tells us that the cascade model only really works for
  communities that range from 3-33 species… and Williams and Martinez
  (<xref alt="2008" rid="ref-williamsSuccessItsLimits2008" ref-type="bibr">2008</xref>)
  also highlights how structural models really only work for small
  communities</p>
  <disp-quote>
    <p>maybe we can put these into broader categories - if we do start
    doing the venn overlap thing. <italic>E.g.,</italic> local scale
    predictions, regional scale predictions, pairwise interactions,
    structural (energetics), computationally cheap, low cost data</p>
  </disp-quote>
  <sec id="qualitative-stuff">
    <title>3.1 Qualitative stuff</title>
    <fig id="fig-venn">
      <caption><p>Figure 1: Venn diagram for qualitative
      analysis/overview of the fancy maths things</p></caption>
      <graphic mimetype="image" mime-subtype="png" xlink:href="index_files/figure-jats/notebooks-model_qualitative-fig-venn-output-1.png" />
    </fig>
  </sec>
  <sec id="quantitative-stuff">
    <title>3.2 Quantitative stuff</title>
    <fig id="fig-topology">
      <caption><p>Figure 2: Real vs observed values for network summary
      statistics</p></caption>
      <graphic mimetype="image" mime-subtype="png" xlink:href="index_files/figure-jats/notebooks-model_quantitative-fig-topology-output-1.png" />
    </fig>
    <p>This is actually an awful way to try and summarise the data but
    rolling with it for now…</p>
  </sec>
</sec>
<sec id="discussion">
  <title>4 Discussion</title>
  <p>I think a big take home will (hopefully) be how different
  approaches do better in different situations and so you as an end user
  need to take this into consideration and pick accordingly. I think
  Petchey et al.
  (<xref alt="2011" rid="ref-petcheyFitEfficiencyBiology2011" ref-type="bibr">2011</xref>)
  might have (and share) some thoughts on this (thanks Andrew). I feel
  like I need to look at Berlow, Brose, and Martinez
  (<xref alt="2008" rid="ref-berlowGoldilocksFactorFood2008" ref-type="bibr">2008</xref>)
  but maybe not exactly in this context but vaguely adjacent.</p>
  <p>An interesting thing to also think about (and arguably it will be
  addressed based on some of the other thoughts and ideas) is data
  dependant and data independent ‘parametrisation’ of the models…</p>
  <p>I probably think about this point too much but a point of
  discussion that I think will be interesting to bring up the idea that
  if a model is missing a specific pairwise link but doing well at the
  structural level then when does it matter? I think this is covered
  with the whole node vs graph level performance but I kind of just want
  to bring it up here again because also one of those things that I
  think about a bit too much probably…</p>
  <disp-quote>
    <p>Thinking very long term here and maybe a bit beyond the scope but
    also thinking about a multi- model approach? So in other words using
    one model to build an initial network but maybe a second one to
    constrain it a bit better. I blame this thought on the
    over-connected PFIM food webs…</p>
  </disp-quote>
</sec>
</body>

<back>
<ref-list>
  <title>References</title>
  <ref id="ref-bambachAutecologyFillingEcospace2007">
    <element-citation publication-type="article-journal">
      <person-group person-group-type="author">
        <name><surname>Bambach</surname><given-names>Richard K.</given-names></name>
        <name><surname>Bush</surname><given-names>Andrew M.</given-names></name>
        <name><surname>Erwin</surname><given-names>Douglas H.</given-names></name>
      </person-group>
      <article-title>Autecology and the Filling of Ecospace: Key Metazoan Radiations</article-title>
      <source>Palaeontology</source>
      <year iso-8601-date="2007">2007</year>
      <date-in-citation content-type="access-date"><year iso-8601-date="2024-02-08">2024</year><month>02</month><day>08</day></date-in-citation>
      <volume>50</volume>
      <issue>1</issue>
      <issn>1475-4983</issn>
      <pub-id pub-id-type="doi">10.1111/j.1475-4983.2006.00611.x</pub-id>
      <fpage>1</fpage>
      <lpage>22</lpage>
    </element-citation>
  </ref>
  <ref id="ref-berlowGoldilocksFactorFood2008">
    <element-citation publication-type="article-journal">
      <person-group person-group-type="author">
        <name><surname>Berlow</surname><given-names>Eric L.</given-names></name>
        <name><surname>Brose</surname><given-names>Ulrich</given-names></name>
        <name><surname>Martinez</surname><given-names>Neo D.</given-names></name>
      </person-group>
      <article-title>The “Goldilocks factor” in food webs</article-title>
      <source>Proceedings of the National Academy of Sciences</source>
      <publisher-name>Proceedings of the National Academy of Sciences</publisher-name>
      <year iso-8601-date="2008-03">2008</year><month>03</month>
      <date-in-citation content-type="access-date"><year iso-8601-date="2024-02-09">2024</year><month>02</month><day>09</day></date-in-citation>
      <volume>105</volume>
      <issue>11</issue>
      <pub-id pub-id-type="doi">10.1073/pnas.0800967105</pub-id>
      <fpage>4079</fpage>
      <lpage>4080</lpage>
    </element-citation>
  </ref>
  <ref id="ref-caronAddressingEltonianShortfall2022">
    <element-citation publication-type="article-journal">
      <person-group person-group-type="author">
        <name><surname>Caron</surname><given-names>Dominique</given-names></name>
        <name><surname>Maiorano</surname><given-names>Luigi</given-names></name>
        <name><surname>Thuiller</surname><given-names>Wilfried</given-names></name>
        <name><surname>Pollock</surname><given-names>Laura J.</given-names></name>
      </person-group>
      <article-title>Addressing the Eltonian shortfall with trait-based interaction models</article-title>
      <source>Ecology Letters</source>
      <year iso-8601-date="2022">2022</year>
      <date-in-citation content-type="access-date"><year iso-8601-date="2023-09-15">2023</year><month>09</month><day>15</day></date-in-citation>
      <volume>25</volume>
      <issue>4</issue>
      <issn>1461-0248</issn>
      <pub-id pub-id-type="doi">10.1111/ele.13966</pub-id>
      <fpage>889</fpage>
      <lpage>899</lpage>
    </element-citation>
  </ref>
  <ref id="ref-caronTrophicInteractionModels2023">
    <element-citation>
      <person-group person-group-type="author">
        <name><surname>Caron</surname><given-names>Dominique</given-names></name>
        <name><surname>Brose</surname><given-names>Ulrich</given-names></name>
        <name><surname>Lurgi</surname><given-names>Miguel</given-names></name>
        <name><surname>Blanchet</surname><given-names>Guillaume</given-names></name>
        <name><surname>Gravel</surname><given-names>Dominique</given-names></name>
        <name><surname>Pollock</surname><given-names>Laura J.</given-names></name>
      </person-group>
      <article-title>Trophic interaction models predict interactions across space, not food webs</article-title>
      <publisher-name>EcoEvoRxiv</publisher-name>
      <year iso-8601-date="2023-05">2023</year><month>05</month>
      <date-in-citation content-type="access-date"><year iso-8601-date="2023-09-15">2023</year><month>09</month><day>15</day></date-in-citation>
      <pub-id pub-id-type="doi">10.32942/X29K55</pub-id>
    </element-citation>
  </ref>
  <ref id="ref-cattinPhylogeneticConstraintsAdaptation2004">
    <element-citation publication-type="article-journal">
      <person-group person-group-type="author">
        <name><surname>Cattin</surname><given-names>Marie-France</given-names></name>
        <name><surname>Bersier</surname><given-names>Louis-Félix</given-names></name>
        <name><surname>Banašek-Richter</surname><given-names>Carolin</given-names></name>
        <name><surname>Baltensperger</surname><given-names>Richard</given-names></name>
        <name><surname>Gabriel</surname><given-names>Jean-Pierre</given-names></name>
      </person-group>
      <article-title>Phylogenetic constraints and adaptation explain food-web structure</article-title>
      <source>Nature</source>
      <publisher-name>Nature Publishing Group</publisher-name>
      <year iso-8601-date="2004-02">2004</year><month>02</month>
      <date-in-citation content-type="access-date"><year iso-8601-date="2024-02-01">2024</year><month>02</month><day>01</day></date-in-citation>
      <volume>427</volume>
      <issue>6977</issue>
      <issn>1476-4687</issn>
      <pub-id pub-id-type="doi">10.1038/nature02327</pub-id>
      <fpage>835</fpage>
      <lpage>839</lpage>
    </element-citation>
  </ref>
  <ref id="ref-cohenCommunityFoodWebs1990">
    <element-citation publication-type="book">
      <person-group person-group-type="author">
        <name><surname>Cohen</surname><given-names>Joel E</given-names></name>
        <name><surname>Briand</surname><given-names>Frederic</given-names></name>
        <name><surname>Newman</surname><given-names>Charles</given-names></name>
      </person-group>
      <source>Community Food Webs: Data and Theory</source>
      <publisher-name>Springer-Verlag</publisher-name>
      <publisher-loc>Berlin Heidelberg</publisher-loc>
      <year iso-8601-date="1990">1990</year>
      <date-in-citation content-type="access-date"><year iso-8601-date="2019-08-07">2019</year><month>08</month><day>07</day></date-in-citation>
      <isbn>978-3-642-83786-9</isbn>
    </element-citation>
  </ref>
  <ref id="ref-cohenStochasticTheoryCommunity1985">
    <element-citation publication-type="article-journal">
      <person-group person-group-type="author">
        <name><surname>Cohen</surname><given-names>Joel E.</given-names></name>
        <name><surname>Newman</surname><given-names>C. M.</given-names></name>
        <name><surname>Steele</surname><given-names>John Hyslop</given-names></name>
      </person-group>
      <article-title>A stochastic theory of community food webs I. Models and aggregated data</article-title>
      <source>Proceedings of the Royal Society of London. Series B. Biological Sciences</source>
      <publisher-name>Royal Society</publisher-name>
      <year iso-8601-date="1985">1985</year>
      <date-in-citation content-type="access-date"><year iso-8601-date="2024-02-01">2024</year><month>02</month><day>01</day></date-in-citation>
      <volume>224</volume>
      <issue>1237</issue>
      <pub-id pub-id-type="doi">10.1098/rspb.1985.0042</pub-id>
      <fpage>421</fpage>
      <lpage>448</lpage>
    </element-citation>
  </ref>
  <ref id="ref-dunneCompilationNetworkAnalyses2008">
    <element-citation publication-type="article-journal">
      <person-group person-group-type="author">
        <name><surname>Dunne</surname><given-names>Jennifer A.</given-names></name>
        <name><surname>Williams</surname><given-names>Richard J.</given-names></name>
        <name><surname>Martinez</surname><given-names>Neo D.</given-names></name>
        <name><surname>Wood</surname><given-names>Rachel A.</given-names></name>
        <name><surname>Erwin</surname><given-names>Douglas H.</given-names></name>
      </person-group>
      <article-title>Compilation and Network Analyses of Cambrian Food Webs</article-title>
      <source>PLOS Biology</source>
      <publisher-name>Public Library of Science</publisher-name>
      <year iso-8601-date="2008-04">2008</year><month>04</month>
      <date-in-citation content-type="access-date"><year iso-8601-date="2024-01-15">2024</year><month>01</month><day>15</day></date-in-citation>
      <volume>6</volume>
      <issue>4</issue>
      <issn>1545-7885</issn>
      <pub-id pub-id-type="doi">10.1371/journal.pbio.0060102</pub-id>
      <fpage>e102</fpage>
      <lpage></lpage>
    </element-citation>
  </ref>
  <ref id="ref-dunneNetworkStructureFood2006">
    <element-citation publication-type="chapter">
      <person-group person-group-type="author">
        <name><surname>Dunne</surname><given-names>Jennifer A</given-names></name>
      </person-group>
      <article-title>The Network Structure of Food Webs</article-title>
      <source>Ecological networks: Linking structure and dynamics</source>
      <person-group person-group-type="editor">
        <name><surname>Dunne</surname><given-names>Jennifer A</given-names></name>
        <name><surname>Pascual</surname><given-names>Mercedes</given-names></name>
      </person-group>
      <publisher-name>Oxford University Press</publisher-name>
      <year iso-8601-date="2006">2006</year>
      <fpage>27</fpage>
      <lpage>86</lpage>
    </element-citation>
  </ref>
  <ref id="ref-erdosRandomGraphs1959">
    <element-citation publication-type="article-journal">
      <person-group person-group-type="author">
        <name><surname>Erdős</surname><given-names>Paul</given-names></name>
        <name><surname>Rényi</surname><given-names>Alfréd</given-names></name>
      </person-group>
      <article-title>On Random Graphs I</article-title>
      <source>Publicationes Mathematicae</source>
      <year iso-8601-date="1959">1959</year>
      <pub-id pub-id-type="doi">10.5486/PMD.1959.6.3-4.12</pub-id>
    </element-citation>
  </ref>
  <ref id="ref-herbersteinAnimalTraitsCuratedAnimal2022">
    <element-citation publication-type="article-journal">
      <person-group person-group-type="author">
        <name><surname>Herberstein</surname><given-names>Marie E.</given-names></name>
        <name><surname>McLean</surname><given-names>Donald James</given-names></name>
        <name><surname>Lowe</surname><given-names>Elizabeth</given-names></name>
        <name><surname>Wolff</surname><given-names>Jonas O.</given-names></name>
        <name><surname>Khan</surname><given-names>Md Kawsar</given-names></name>
        <name><surname>Smith</surname><given-names>Kaitlyn</given-names></name>
        <name><surname>Allen</surname><given-names>Andrew P.</given-names></name>
        <name><surname>Bulbert</surname><given-names>Matthew</given-names></name>
        <name><surname>Buzatto</surname><given-names>Bruno A.</given-names></name>
        <name><surname>Eldridge</surname><given-names>Mark D. B.</given-names></name>
        <name><surname>Falster</surname><given-names>Daniel</given-names></name>
        <name><surname>Fernandez Winzer</surname><given-names>Laura</given-names></name>
        <name><surname>Griffith</surname><given-names>Simon C.</given-names></name>
        <name><surname>Madin</surname><given-names>Joshua S.</given-names></name>
        <name><surname>Narendra</surname><given-names>Ajay</given-names></name>
        <name><surname>Westoby</surname><given-names>Mark</given-names></name>
        <name><surname>Whiting</surname><given-names>Martin J.</given-names></name>
        <name><surname>Wright</surname><given-names>Ian J.</given-names></name>
        <name><surname>Carthey</surname><given-names>Alexandra J. R.</given-names></name>
      </person-group>
      <article-title>AnimalTraits - a curated animal trait database for body mass, metabolic rate and brain size</article-title>
      <source>Scientific Data</source>
      <publisher-name>Nature Publishing Group</publisher-name>
      <year iso-8601-date="2022-06">2022</year><month>06</month>
      <date-in-citation content-type="access-date"><year iso-8601-date="2024-02-08">2024</year><month>02</month><day>08</day></date-in-citation>
      <volume>9</volume>
      <issue>1</issue>
      <issn>2052-4463</issn>
      <pub-id pub-id-type="doi">10.1038/s41597-022-01364-9</pub-id>
      <fpage>265</fpage>
      <lpage></lpage>
    </element-citation>
  </ref>
  <ref id="ref-jonesPanTHERIASpecieslevelDatabase2009">
    <element-citation publication-type="article-journal">
      <person-group person-group-type="author">
        <name><surname>Jones</surname><given-names>Kate E.</given-names></name>
        <name><surname>Bielby</surname><given-names>Jon</given-names></name>
        <name><surname>Cardillo</surname><given-names>Marcel</given-names></name>
        <name><surname>Fritz</surname><given-names>Susanne A.</given-names></name>
        <name><surname>O’Dell</surname><given-names>Justin</given-names></name>
        <name><surname>Orme</surname><given-names>C. David L.</given-names></name>
        <name><surname>Safi</surname><given-names>Kamran</given-names></name>
        <name><surname>Sechrest</surname><given-names>Wes</given-names></name>
        <name><surname>Boakes</surname><given-names>Elizabeth H.</given-names></name>
        <name><surname>Carbone</surname><given-names>Chris</given-names></name>
        <name><surname>Connolly</surname><given-names>Christina</given-names></name>
        <name><surname>Cutts</surname><given-names>Michael J.</given-names></name>
        <name><surname>Foster</surname><given-names>Janine K.</given-names></name>
        <name><surname>Grenyer</surname><given-names>Richard</given-names></name>
        <name><surname>Habib</surname><given-names>Michael</given-names></name>
        <name><surname>Plaster</surname><given-names>Christopher A.</given-names></name>
        <name><surname>Price</surname><given-names>Samantha A.</given-names></name>
        <name><surname>Rigby</surname><given-names>Elizabeth A.</given-names></name>
        <name><surname>Rist</surname><given-names>Janna</given-names></name>
        <name><surname>Teacher</surname><given-names>Amber</given-names></name>
        <name><surname>Bininda-Emonds</surname><given-names>Olaf R. P.</given-names></name>
        <name><surname>Gittleman</surname><given-names>John L.</given-names></name>
        <name><surname>Mace</surname><given-names>Georgina M.</given-names></name>
        <name><surname>Purvis</surname><given-names>Andy</given-names></name>
      </person-group>
      <article-title>PanTHERIA: A species-level database of life history, ecology, and geography of extant and recently extinct mammals</article-title>
      <source>Ecology</source>
      <year iso-8601-date="2009">2009</year>
      <date-in-citation content-type="access-date"><year iso-8601-date="2024-02-08">2024</year><month>02</month><day>08</day></date-in-citation>
      <volume>90</volume>
      <issue>9</issue>
      <issn>1939-9170</issn>
      <pub-id pub-id-type="doi">10.1890/08-1494.1</pub-id>
      <fpage>2648</fpage>
      <lpage>2648</lpage>
    </element-citation>
  </ref>
  <ref id="ref-jordanoChasingEcologicalInteractions2016">
    <element-citation publication-type="article-journal">
      <person-group person-group-type="author">
        <name><surname>Jordano</surname><given-names>Pedro</given-names></name>
      </person-group>
      <article-title>Chasing Ecological Interactions</article-title>
      <source>PLOS Biology</source>
      <publisher-name>Public Library of Science</publisher-name>
      <year iso-8601-date="2016-09">2016</year><month>09</month>
      <date-in-citation content-type="access-date"><year iso-8601-date="2020-11-07">2020</year><month>11</month><day>07</day></date-in-citation>
      <volume>14</volume>
      <issue>9</issue>
      <issn>1545-7885</issn>
      <pub-id pub-id-type="doi">10.1371/journal.pbio.1002559</pub-id>
      <fpage>e1002559</fpage>
      <lpage></lpage>
    </element-citation>
  </ref>
  <ref id="ref-jordanoSamplingNetworksEcological2016">
    <element-citation publication-type="article-journal">
      <person-group person-group-type="author">
        <name><surname>Jordano</surname><given-names>Pedro</given-names></name>
      </person-group>
      <article-title>Sampling networks of ecological interactions</article-title>
      <source>Functional Ecology</source>
      <year iso-8601-date="2016-09">2016</year><month>09</month>
      <date-in-citation content-type="access-date"><year iso-8601-date="2016-10-12">2016</year><month>10</month><day>12</day></date-in-citation>
      <issn>02698463</issn>
      <pub-id pub-id-type="doi">10.1111/1365-2435.12763</pub-id>
    </element-citation>
  </ref>
  <ref id="ref-petcheyFitEfficiencyBiology2011">
    <element-citation publication-type="article-journal">
      <person-group person-group-type="author">
        <name><surname>Petchey</surname><given-names>Owen L.</given-names></name>
        <name><surname>Beckerman</surname><given-names>Andrew P.</given-names></name>
        <name><surname>Riede</surname><given-names>Jens O.</given-names></name>
        <name><surname>Warren</surname><given-names>Philip H.</given-names></name>
      </person-group>
      <article-title>Fit, efficiency, and biology: Some thoughts on judging food web models</article-title>
      <source>Journal of Theoretical Biology</source>
      <year iso-8601-date="2011-06">2011</year><month>06</month>
      <date-in-citation content-type="access-date"><year iso-8601-date="2024-02-09">2024</year><month>02</month><day>09</day></date-in-citation>
      <volume>279</volume>
      <issue>1</issue>
      <issn>0022-5193</issn>
      <pub-id pub-id-type="doi">10.1016/j.jtbi.2011.03.019</pub-id>
      <fpage>169</fpage>
      <lpage>171</lpage>
    </element-citation>
  </ref>
  <ref id="ref-petcheySizeForagingFood2008">
    <element-citation publication-type="article-journal">
      <person-group person-group-type="author">
        <name><surname>Petchey</surname><given-names>Owen L.</given-names></name>
        <name><surname>Beckerman</surname><given-names>Andrew P.</given-names></name>
        <name><surname>Riede</surname><given-names>Jens O.</given-names></name>
        <name><surname>Warren</surname><given-names>Philip H.</given-names></name>
      </person-group>
      <article-title>Size, foraging, and food web structure</article-title>
      <source>Proceedings of the National Academy of Sciences</source>
      <year iso-8601-date="2008-03">2008</year><month>03</month>
      <date-in-citation content-type="access-date"><year iso-8601-date="2024-01-15">2024</year><month>01</month><day>15</day></date-in-citation>
      <volume>105</volume>
      <issue>11</issue>
      <issn>0027-8424, 1091-6490</issn>
      <pub-id pub-id-type="doi">10.1073/pnas.0710672105</pub-id>
      <fpage>4191</fpage>
      <lpage>4196</lpage>
    </element-citation>
  </ref>
  <ref id="ref-piresMegafaunalExtinctionsHuman2020">
    <element-citation publication-type="article-journal">
      <person-group person-group-type="author">
        <name><surname>Pires</surname><given-names>Mathias M.</given-names></name>
        <name><surname>Rindel</surname><given-names>Diego</given-names></name>
        <name><surname>Moscardi</surname><given-names>Bruno</given-names></name>
        <name><surname>Cruz</surname><given-names>Livia R.</given-names></name>
        <name><surname>Guimarães</surname><given-names>Paulo R.</given-names></name>
        <name><surname>dos Reis</surname><given-names>Sergio F.</given-names></name>
        <name><surname>Perez</surname><given-names>S. Ivan</given-names></name>
      </person-group>
      <article-title>Before, during and after megafaunal extinctions: Human impact on Pleistocene-Holocene trophic networks in South Patagonia</article-title>
      <source>Quaternary Science Reviews</source>
      <year iso-8601-date="2020-12">2020</year><month>12</month>
      <date-in-citation content-type="access-date"><year iso-8601-date="2024-02-01">2024</year><month>02</month><day>01</day></date-in-citation>
      <volume>250</volume>
      <issn>0277-3791</issn>
      <pub-id pub-id-type="doi">10.1016/j.quascirev.2020.106696</pub-id>
      <fpage>106696</fpage>
      <lpage></lpage>
    </element-citation>
  </ref>
  <ref id="ref-poisotGlobalKnowledgeGaps2021">
    <element-citation publication-type="article-journal">
      <person-group person-group-type="author">
        <name><surname>Poisot</surname><given-names>Timothée</given-names></name>
        <name><surname>Bergeron</surname><given-names>Gabriel</given-names></name>
        <name><surname>Cazelles</surname><given-names>Kevin</given-names></name>
        <name><surname>Dallas</surname><given-names>Tad</given-names></name>
        <name><surname>Gravel</surname><given-names>Dominique</given-names></name>
        <name><surname>MacDonald</surname><given-names>Andrew</given-names></name>
        <name><surname>Mercier</surname><given-names>Benjamin</given-names></name>
        <name><surname>Violet</surname><given-names>Clément</given-names></name>
        <name><surname>Vissault</surname><given-names>Steve</given-names></name>
      </person-group>
      <article-title>Global knowledge gaps in species interaction networks data</article-title>
      <source>Journal of Biogeography</source>
      <year iso-8601-date="2021">2021</year>
      <date-in-citation content-type="access-date"><year iso-8601-date="2021-04-29">2021</year><month>04</month><day>29</day></date-in-citation>
      <volume>n/a</volume>
      <issue>n/a</issue>
      <issn>1365-2699</issn>
      <pub-id pub-id-type="doi">10.1111/jbi.14127</pub-id>
    </element-citation>
  </ref>
  <ref id="ref-poisotSpeciesWhyEcological2015">
    <element-citation publication-type="article-journal">
      <person-group person-group-type="author">
        <name><surname>Poisot</surname><given-names>Timothée</given-names></name>
        <name><surname>Stouffer</surname><given-names>Daniel B.</given-names></name>
        <name><surname>Gravel</surname><given-names>Dominique</given-names></name>
      </person-group>
      <article-title>Beyond species: Why ecological interaction networks vary through space and time</article-title>
      <source>Oikos</source>
      <year iso-8601-date="2015">2015</year>
      <date-in-citation content-type="access-date"><year iso-8601-date="2020-08-28">2020</year><month>08</month><day>28</day></date-in-citation>
      <volume>124</volume>
      <issue>3</issue>
      <issn>1600-0706</issn>
      <pub-id pub-id-type="doi">10.1111/oik.01719</pub-id>
      <fpage>243</fpage>
      <lpage>251</lpage>
    </element-citation>
  </ref>
  <ref id="ref-rohrModelingFoodWebs2010">
    <element-citation publication-type="article-journal">
      <person-group person-group-type="author">
        <name><surname>Rohr</surname><given-names>Rudolf Philippe</given-names></name>
        <name><surname>Scherer</surname><given-names>Heike</given-names></name>
        <name><surname>Kehrli</surname><given-names>Patrik</given-names></name>
        <name><surname>Mazza</surname><given-names>Christian</given-names></name>
        <name><surname>Bersier</surname><given-names>Louis-Félix</given-names></name>
      </person-group>
      <article-title>Modeling Food Webs: Exploring Unexplained Structure Using Latent Traits.</article-title>
      <source>The American Naturalist</source>
      <publisher-name>The University of Chicago Press</publisher-name>
      <year iso-8601-date="2010-08">2010</year><month>08</month>
      <date-in-citation content-type="access-date"><year iso-8601-date="2024-02-01">2024</year><month>02</month><day>01</day></date-in-citation>
      <volume>176</volume>
      <issue>2</issue>
      <issn>0003-0147</issn>
      <pub-id pub-id-type="doi">10.1086/653667</pub-id>
      <fpage>170</fpage>
      <lpage>177</lpage>
    </element-citation>
  </ref>
  <ref id="ref-rossbergFoodWebsExperts2006">
    <element-citation publication-type="article-journal">
      <person-group person-group-type="author">
        <name><surname>Rossberg</surname><given-names>A. G.</given-names></name>
        <name><surname>Matsuda</surname><given-names>H.</given-names></name>
        <name><surname>Amemiya</surname><given-names>T.</given-names></name>
        <name><surname>Itoh</surname><given-names>K.</given-names></name>
      </person-group>
      <article-title>Food webs: Experts consuming families of experts</article-title>
      <source>Journal of Theoretical Biology</source>
      <year iso-8601-date="2006-08">2006</year><month>08</month>
      <date-in-citation content-type="access-date"><year iso-8601-date="2024-02-01">2024</year><month>02</month><day>01</day></date-in-citation>
      <volume>241</volume>
      <issue>3</issue>
      <issn>0022-5193</issn>
      <pub-id pub-id-type="doi">10.1016/j.jtbi.2005.12.021</pub-id>
      <fpage>552</fpage>
      <lpage>563</lpage>
    </element-citation>
  </ref>
  <ref id="ref-shawFrameworkReconstructingAncient2024">
    <element-citation>
      <person-group person-group-type="author">
        <name><surname>Shaw</surname><given-names>Jack O.</given-names></name>
        <name><surname>Dunhill</surname><given-names>Alexander M.</given-names></name>
        <name><surname>Beckerman</surname><given-names>Andrew P.</given-names></name>
        <name><surname>Dunne</surname><given-names>Jennifer A.</given-names></name>
        <name><surname>Hull</surname><given-names>Pincelli M.</given-names></name>
      </person-group>
      <article-title>A framework for reconstructing ancient food webs using functional trait data</article-title>
      <publisher-name>bioRxiv</publisher-name>
      <year iso-8601-date="2024-01">2024</year><month>01</month>
      <date-in-citation content-type="access-date"><year iso-8601-date="2024-02-01">2024</year><month>02</month><day>01</day></date-in-citation>
      <pub-id pub-id-type="doi">10.1101/2024.01.30.578036</pub-id>
      <fpage>2024.01.30.578036</fpage>
      <lpage></lpage>
    </element-citation>
  </ref>
  <ref id="ref-stoufferQuantitativePatternsStructure2005">
    <element-citation publication-type="article-journal">
      <person-group person-group-type="author">
        <name><surname>Stouffer</surname><given-names>D. B.</given-names></name>
        <name><surname>Camacho</surname><given-names>J.</given-names></name>
        <name><surname>Guimerà</surname><given-names>R.</given-names></name>
        <name><surname>Ng</surname><given-names>C. A.</given-names></name>
        <name><surname>Nunes Amaral</surname><given-names>L. A.</given-names></name>
      </person-group>
      <article-title>Quantitative Patterns in the Structure of Model and Empirical Food Webs</article-title>
      <source>Ecology</source>
      <year iso-8601-date="2005">2005</year>
      <date-in-citation content-type="access-date"><year iso-8601-date="2024-02-09">2024</year><month>02</month><day>09</day></date-in-citation>
      <volume>86</volume>
      <issue>5</issue>
      <issn>1939-9170</issn>
      <pub-id pub-id-type="doi">10.1890/04-0957</pub-id>
      <fpage>1301</fpage>
      <lpage>1311</lpage>
    </element-citation>
  </ref>
  <ref id="ref-strydomFoodWebReconstruction2022">
    <element-citation publication-type="article-journal">
      <person-group person-group-type="author">
        <name><surname>Strydom</surname><given-names>Tanya</given-names></name>
        <name><surname>Bouskila</surname><given-names>Salomé</given-names></name>
        <name><surname>Banville</surname><given-names>Francis</given-names></name>
        <name><surname>Barros</surname><given-names>Ceres</given-names></name>
        <name><surname>Caron</surname><given-names>Dominique</given-names></name>
        <name><surname>Farrell</surname><given-names>Maxwell J.</given-names></name>
        <name><surname>Fortin</surname><given-names>Marie-Josée</given-names></name>
        <name><surname>Hemming</surname><given-names>Victoria</given-names></name>
        <name><surname>Mercier</surname><given-names>Benjamin</given-names></name>
        <name><surname>Pollock</surname><given-names>Laura J.</given-names></name>
        <name><surname>Runghen</surname><given-names>Rogini</given-names></name>
        <name><surname>Dalla Riva</surname><given-names>Giulio V.</given-names></name>
        <name><surname>Poisot</surname><given-names>Timothée</given-names></name>
      </person-group>
      <article-title>Food web reconstruction through phylogenetic transfer of low-rank network representation</article-title>
      <source>Methods in Ecology and Evolution</source>
      <year iso-8601-date="2022">2022</year>
      <date-in-citation content-type="access-date"><year iso-8601-date="2024-02-06">2024</year><month>02</month><day>06</day></date-in-citation>
      <volume>13</volume>
      <issue>12</issue>
      <issn>2041-210X</issn>
      <pub-id pub-id-type="doi">10.1111/2041-210X.13835</pub-id>
      <fpage>2838</fpage>
      <lpage>2849</lpage>
    </element-citation>
  </ref>
  <ref id="ref-strydomGraphEmbeddingTransfer2023">
    <element-citation publication-type="article-journal">
      <person-group person-group-type="author">
        <name><surname>Strydom</surname><given-names>Tanya</given-names></name>
        <name><surname>Bouskila</surname><given-names>Salomé</given-names></name>
        <name><surname>Banville</surname><given-names>Francis</given-names></name>
        <name><surname>Barros</surname><given-names>Ceres</given-names></name>
        <name><surname>Caron</surname><given-names>Dominique</given-names></name>
        <name><surname>Farrell</surname><given-names>Maxwell J.</given-names></name>
        <name><surname>Fortin</surname><given-names>Marie-Josée</given-names></name>
        <name><surname>Mercier</surname><given-names>Benjamin</given-names></name>
        <name><surname>Pollock</surname><given-names>Laura J.</given-names></name>
        <name><surname>Runghen</surname><given-names>Rogini</given-names></name>
        <name><surname>Dalla Riva</surname><given-names>Giulio V.</given-names></name>
        <name><surname>Poisot</surname><given-names>Timothée</given-names></name>
      </person-group>
      <article-title>Graph embedding and transfer learning can help predict potential species interaction networks despite data limitations</article-title>
      <source>Methods in Ecology and Evolution</source>
      <year iso-8601-date="2023">2023</year>
      <date-in-citation content-type="access-date"><year iso-8601-date="2024-02-07">2024</year><month>02</month><day>07</day></date-in-citation>
      <volume>14</volume>
      <issue>12</issue>
      <issn>2041-210X</issn>
      <pub-id pub-id-type="doi">10.1111/2041-210X.14228</pub-id>
      <fpage>2917</fpage>
      <lpage>2930</lpage>
    </element-citation>
  </ref>
  <ref id="ref-strydomRoadmapPredictingSpecies2021">
    <element-citation publication-type="article-journal">
      <person-group person-group-type="author">
        <name><surname>Strydom</surname><given-names>Tanya</given-names></name>
        <name><surname>Catchen</surname><given-names>Michael D.</given-names></name>
        <name><surname>Banville</surname><given-names>Francis</given-names></name>
        <name><surname>Caron</surname><given-names>Dominique</given-names></name>
        <name><surname>Dansereau</surname><given-names>Gabriel</given-names></name>
        <name><surname>Desjardins-Proulx</surname><given-names>Philippe</given-names></name>
        <name><surname>Forero-Muñoz</surname><given-names>Norma R.</given-names></name>
        <name><surname>Higino</surname><given-names>Gracielle</given-names></name>
        <name><surname>Mercier</surname><given-names>Benjamin</given-names></name>
        <name><surname>Gonzalez</surname><given-names>Andrew</given-names></name>
        <name><surname>Gravel</surname><given-names>Dominique</given-names></name>
        <name><surname>Pollock</surname><given-names>Laura</given-names></name>
        <name><surname>Poisot</surname><given-names>Timothée</given-names></name>
      </person-group>
      <article-title>A roadmap towards predicting species interaction networks (across space and time)</article-title>
      <source>Philosophical Transactions of the Royal Society B: Biological Sciences</source>
      <publisher-name>Royal Society</publisher-name>
      <year iso-8601-date="2021-11">2021</year><month>11</month>
      <date-in-citation content-type="access-date"><year iso-8601-date="2021-10-21">2021</year><month>10</month><day>21</day></date-in-citation>
      <volume>376</volume>
      <issue>1837</issue>
      <pub-id pub-id-type="doi">10.1098/rstb.2021.0063</pub-id>
      <fpage>20210063</fpage>
      <lpage></lpage>
    </element-citation>
  </ref>
  <ref id="ref-uphamInferringMammalTree2019">
    <element-citation publication-type="article-journal">
      <person-group person-group-type="author">
        <name><surname>Upham</surname><given-names>Nathan S.</given-names></name>
        <name><surname>Esselstyn</surname><given-names>Jacob A.</given-names></name>
        <name><surname>Jetz</surname><given-names>Walter</given-names></name>
      </person-group>
      <article-title>Inferring the mammal tree: Species-level sets of phylogenies for questions in ecology, evolution, and conservation</article-title>
      <source>PLOS Biology</source>
      <publisher-name>Public Library of Science</publisher-name>
      <year iso-8601-date="2019-12">2019</year><month>12</month>
      <date-in-citation content-type="access-date"><year iso-8601-date="2021-05-05">2021</year><month>05</month><day>05</day></date-in-citation>
      <volume>17</volume>
      <issue>12</issue>
      <issn>1545-7885</issn>
      <pub-id pub-id-type="doi">10.1371/journal.pbio.3000494</pub-id>
      <fpage>e3000494</fpage>
      <lpage></lpage>
    </element-citation>
  </ref>
  <ref id="ref-valdovinosBioenergeticFrameworkAboveground2023">
    <element-citation publication-type="article-journal">
      <person-group person-group-type="author">
        <name><surname>Valdovinos</surname><given-names>Fernanda S.</given-names></name>
        <name><surname>Hale</surname><given-names>Kayla R. S.</given-names></name>
        <name><surname>Dritz</surname><given-names>Sabine</given-names></name>
        <name><surname>Glaum</surname><given-names>Paul R.</given-names></name>
        <name><surname>McCann</surname><given-names>Kevin S.</given-names></name>
        <name><surname>Simon</surname><given-names>Sophia M.</given-names></name>
        <name><surname>Thébault</surname><given-names>Elisa</given-names></name>
        <name><surname>Wetzel</surname><given-names>William C.</given-names></name>
        <name><surname>Wootton</surname><given-names>Kate L.</given-names></name>
        <name><surname>Yeakel</surname><given-names>Justin D.</given-names></name>
      </person-group>
      <article-title>A bioenergetic framework for aboveground terrestrial food webs</article-title>
      <source>Trends in Ecology &amp; Evolution</source>
      <year iso-8601-date="2023-03">2023</year><month>03</month>
      <date-in-citation content-type="access-date"><year iso-8601-date="2024-01-19">2024</year><month>01</month><day>19</day></date-in-citation>
      <volume>38</volume>
      <issue>3</issue>
      <issn>0169-5347</issn>
      <pub-id pub-id-type="doi">10.1016/j.tree.2022.11.004</pub-id>
      <fpage>301</fpage>
      <lpage>312</lpage>
    </element-citation>
  </ref>
  <ref id="ref-williamsSimpleRulesYield2000">
    <element-citation publication-type="article-journal">
      <person-group person-group-type="author">
        <name><surname>Williams</surname><given-names>Richard J.</given-names></name>
        <name><surname>Martinez</surname><given-names>Neo D.</given-names></name>
      </person-group>
      <article-title>Simple rules yield complex food webs</article-title>
      <source>Nature</source>
      <publisher-name>Nature Publishing Group</publisher-name>
      <year iso-8601-date="2000-03">2000</year><month>03</month>
      <date-in-citation content-type="access-date"><year iso-8601-date="2024-02-01">2024</year><month>02</month><day>01</day></date-in-citation>
      <volume>404</volume>
      <issue>6774</issue>
      <issn>1476-4687</issn>
      <pub-id pub-id-type="doi">10.1038/35004572</pub-id>
      <fpage>180</fpage>
      <lpage>183</lpage>
    </element-citation>
  </ref>
  <ref id="ref-williamsSuccessItsLimits2008">
    <element-citation publication-type="article-journal">
      <person-group person-group-type="author">
        <name><surname>Williams</surname><given-names>Richard J.</given-names></name>
        <name><surname>Martinez</surname><given-names>Neo D.</given-names></name>
      </person-group>
      <article-title>Success and its limits among structural models of complex food webs</article-title>
      <source>Journal of Animal Ecology</source>
      <year iso-8601-date="2008">2008</year>
      <date-in-citation content-type="access-date"><year iso-8601-date="2024-02-13">2024</year><month>02</month><day>13</day></date-in-citation>
      <volume>77</volume>
      <issue>3</issue>
      <issn>1365-2656</issn>
      <pub-id pub-id-type="doi">10.1111/j.1365-2656.2008.01362.x</pub-id>
      <fpage>512</fpage>
      <lpage>519</lpage>
    </element-citation>
  </ref>
  <ref id="ref-wilmanEltonTraitsSpecieslevelForaging2014">
    <element-citation publication-type="article-journal">
      <person-group person-group-type="author">
        <name><surname>Wilman</surname><given-names>Hamish</given-names></name>
        <name><surname>Belmaker</surname><given-names>Jonathan</given-names></name>
        <name><surname>Simpson</surname><given-names>Jennifer</given-names></name>
        <name><surname>de la Rosa</surname><given-names>Carolina</given-names></name>
        <name><surname>Rivadeneira</surname><given-names>Marcelo M.</given-names></name>
        <name><surname>Jetz</surname><given-names>Walter</given-names></name>
      </person-group>
      <article-title>EltonTraits 1.0: Species-level foraging attributes of the world’s birds and mammals</article-title>
      <source>Ecology</source>
      <year iso-8601-date="2014">2014</year>
      <date-in-citation content-type="access-date"><year iso-8601-date="2024-02-08">2024</year><month>02</month><day>08</day></date-in-citation>
      <volume>95</volume>
      <issue>7</issue>
      <issn>1939-9170</issn>
      <pub-id pub-id-type="doi">10.1890/13-1917.1</pub-id>
      <fpage>2027</fpage>
      <lpage>2027</lpage>
    </element-citation>
  </ref>
  <ref id="ref-yeakelCollapseEcologicalNetwork2014">
    <element-citation publication-type="article-journal">
      <person-group person-group-type="author">
        <name><surname>Yeakel</surname><given-names>Justin D.</given-names></name>
        <name><surname>Pires</surname><given-names>Mathias M.</given-names></name>
        <name><surname>Rudolf</surname><given-names>Lars</given-names></name>
        <name><surname>Dominy</surname><given-names>Nathaniel J.</given-names></name>
        <name><surname>Koch</surname><given-names>Paul L.</given-names></name>
        <name><surname>Guimarães</surname><given-names>Paulo R.</given-names></name>
        <name><surname>Gross</surname><given-names>Thilo</given-names></name>
      </person-group>
      <article-title>Collapse of an ecological network in Ancient Egypt</article-title>
      <source>PNAS</source>
      <year iso-8601-date="2014-10">2014</year><month>10</month>
      <date-in-citation content-type="access-date"><year iso-8601-date="2015-03-03">2015</year><month>03</month><day>03</day></date-in-citation>
      <volume>111</volume>
      <issue>40</issue>
      <pub-id pub-id-type="doi">10.1073/pnas.1408471111</pub-id>
      <fpage>14472</fpage>
      <lpage>14477</lpage>
    </element-citation>
  </ref>
</ref-list>
</back>

<sub-article article-type="notebook" id="nb-4-nb-1">
<front-stub>
<title-group>
<article-title>Quantitative approach to topology
generators</article-title>
</title-group>
<contrib-group>
<contrib contrib-type="author">
<name>
<surname>Strydom</surname>
<given-names>Tanya</given-names>
</name>
<string-name>Tanya Strydom</string-name>

</contrib>
</contrib-group>
</front-stub>

<body>
<p>I think in the long run I will probably turn the other repo
(<ext-link ext-link-type="uri" xlink:href="https://github.com/BecksLab/topology_generators">BecksLab/topology_generators</ext-link>)
into a project that we can then access and I will port all of the
working code here… I think it will just come down to what the ‘cost’ is
of the computational side of things and how convoluted it might end up
looking.</p>
<p>Anyway so for now I am just pulling in the INTERIM data from some of
the models. This uses (for now) 20 mangal
(<xref alt="Poisot et al. 2016" rid="ref-poisotMangalMakingEcological2016-nb-1" ref-type="bibr">Poisot
et al. 2016</xref>) datasets and just generates some networks for using
the niche and cascade models. The ‘results’ for now is just counting the
number of links each model generates for each network because that’s
what my brain decided on doing…</p>
<sec id="nb-code-cell-1-nb-1" specific-use="notebook-code">
<code language="r script">library(tidyverse)
</code>
<code language="r script"># download file from other repo
download.file(&quot;https://raw.githubusercontent.com/BecksLab/topology_generators/main/data/topology_summary.csv&quot;, &quot;notebooks/data/topology_models.csv&quot;)
</code>
<code language="r script">df = read.csv(&quot;data/topology_models.csv&quot;)  %&gt;% 
        pivot_longer(
            cols = c(complexity_real, distance_real, connectance_real), 
            names_to = &quot;real&quot;,
            values_to = &quot;real_val&quot;)  %&gt;% 
        pivot_longer(
            cols = c(complexity_mod, distance_mod, connectance_mod), 
            names_to = &quot;test&quot;,
            values_to = &quot;model_val&quot;)  %&gt;% 
        mutate(
            real = str_extract(real, &quot;[^_]*&quot;),
            test = str_extract(test, &quot;[^_]*&quot;))  %&gt;% 
        filter(real == test)
</code>
<sec id="nb-code-cell-1-output-0-nb-1" specific-use="notebook-output">
<preformat>── Attaching core tidyverse packages ──────────────────────── tidyverse 2.0.0 ──
✔ dplyr     1.1.4     ✔ readr     2.1.5
✔ forcats   1.0.0     ✔ stringr   1.5.1
✔ ggplot2   3.4.4     ✔ tibble    3.2.1
✔ lubridate 1.9.3     ✔ tidyr     1.3.1
✔ purrr     1.0.2     
── Conflicts ────────────────────────────────────────── tidyverse_conflicts() ──
✖ dplyr::filter() masks stats::filter()
✖ dplyr::lag()    masks stats::lag()
ℹ Use the conflicted package (&lt;http://conflicted.r-lib.org/&gt;) to force all conflicts to become errors</preformat>
</sec>
<sec id="nb-code-cell-1-output-1-nb-1" specific-use="notebook-output">
<preformat>Warning in
download.file(&quot;https://raw.githubusercontent.com/BecksLab/topology_generators/main/data/topology_summary.csv&quot;,
: URL
https://raw.githubusercontent.com/BecksLab/topology_generators/main/data/topology_summary.csv:
cannot open destfile 'notebooks/data/topology_models.csv', reason 'No such file
or directory'</preformat>
</sec>
<sec id="nb-code-cell-1-output-2-nb-1" specific-use="notebook-output">
<preformat>Warning in
download.file(&quot;https://raw.githubusercontent.com/BecksLab/topology_generators/main/data/topology_summary.csv&quot;,
: download had nonzero exit status</preformat>
</sec>
</sec>
<p>Lets just do a simple little plot where we plot real vs model
observed</p>
<sec id="cell-fig-topology-nb-1" specific-use="notebook-code">
<code language="r script">ggplot() +
    geom_abline(slope = 1,
                intercept = 0) +
    geom_point(data = df,
                aes(x = real_val,
                    y = model_val,
                    size = richness,
                    colour = model,
                    fill = model),
                alpha = 0.7,
                shape = 21) +
    facet_wrap(vars(test),
                scales = &quot;free&quot;) +
    scale_size(guide = 'none') +
    theme_bw()
</code>
<fig id="fig-topology-nb-1">
  <caption><p>Real vs observed values for network summary
  statistics</p></caption>
  <graphic mimetype="image" mime-subtype="png" xlink:href="model_quantitative_files/figure-jats/fig-topology-1.png" />
</fig>
</sec>
</body>



<back>
<ref-list>
  <title>References</title>
  <ref id="ref-poisotMangalMakingEcological2016-nb-1">
    <element-citation publication-type="article-journal">
      <person-group person-group-type="author">
        <name><surname>Poisot</surname><given-names>Timothée</given-names></name>
        <name><surname>Baiser</surname><given-names>Benjamin</given-names></name>
        <name><surname>Dunne</surname><given-names>Jennifer</given-names></name>
        <name><surname>Kéfi</surname><given-names>Sonia</given-names></name>
        <name><surname>Massol</surname><given-names>François</given-names></name>
        <name><surname>Mouquet</surname><given-names>Nicolas</given-names></name>
        <name><surname>Romanuk</surname><given-names>Tamara N.</given-names></name>
        <name><surname>Stouffer</surname><given-names>Daniel B.</given-names></name>
        <name><surname>Wood</surname><given-names>Spencer A.</given-names></name>
        <name><surname>Gravel</surname><given-names>Dominique</given-names></name>
      </person-group>
      <article-title>Mangal  making ecological network analysis simple</article-title>
      <source>Ecography</source>
      <year iso-8601-date="2016">2016</year>
      <date-in-citation content-type="access-date"><year iso-8601-date="2020-11-27">2020</year><month>11</month><day>27</day></date-in-citation>
      <volume>39</volume>
      <issue>4</issue>
      <issn>1600-0587</issn>
      <pub-id pub-id-type="doi">10.1111/ecog.00976</pub-id>
      <fpage>384</fpage>
      <lpage>390</lpage>
    </element-citation>
  </ref>
</ref-list>
</back>


</sub-article>
<sub-article article-type="notebook" id="nb-8-nb-2">
<front-stub>
<title-group>
<article-title>Qualitative approach to topology
generators</article-title>
</title-group>
<contrib-group>
<contrib contrib-type="author">
<name>
<surname>Strydom</surname>
<given-names>Tanya</given-names>
</name>
<string-name>Tanya Strydom</string-name>

</contrib>
</contrib-group>
</front-stub>

<body>
<sec id="venn-diagram-nb-2">
  <title>Venn Diagram</title>
  <p>Here we will use the standard [REF FOR TIDYVERSE] and Gao, Yu, and
  Cai
  (<xref alt="2021" rid="ref-gaoGgVennDiagramIntuitiveEasytoUse2021-nb-2" ref-type="bibr">2021</xref>)
  to create a venn diagram for the quantitative portion of or
  generator/model overview process. Also remember to drop the R version
  (maybe also look into if you can <monospace>renv</monospace> this
  because we aim for reproducibility)</p>
  <sec id="nb-code-cell-1-nb-2" specific-use="notebook-code">
  <code language="r script">library(tidyverse)
  </code>
  <code language="r script">library(ggVennDiagram)
  </code>
  <sec id="nb-code-cell-1-output-0-nb-2" specific-use="notebook-output">
  <preformat>── Attaching core tidyverse packages ──────────────────────── tidyverse 2.0.0 ──
✔ dplyr     1.1.4     ✔ readr     2.1.5
✔ forcats   1.0.0     ✔ stringr   1.5.1
✔ ggplot2   3.4.4     ✔ tibble    3.2.1
✔ lubridate 1.9.3     ✔ tidyr     1.3.1
✔ purrr     1.0.2     
── Conflicts ────────────────────────────────────────── tidyverse_conflicts() ──
✖ dplyr::filter() masks stats::filter()
✖ dplyr::lag()    masks stats::lag()
ℹ Use the conflicted package (&lt;http://conflicted.r-lib.org/&gt;) to force all conflicts to become errors</preformat>
  </sec>
  <sec id="nb-code-cell-1-output-1-nb-2" specific-use="notebook-output">
  <preformat>
Attaching package: 'ggVennDiagram'

The following object is masked from 'package:tidyr':

    unite</preformat>
  </sec>
  </sec>
  <p>First we need to create the df with the relevant ‘traits’ for each
  model</p>
  <sec id="nb-code-cell-2-nb-2" specific-use="notebook-code">
  <code language="r script">x &lt;- list(Niche=c(&quot;species agnostic&quot;, &quot;structural&quot;, &quot;synthetic network&quot;),
          ADBM=c(&quot;node-level&quot;, &quot;mechanistic&quot;),
          Transfer=c(&quot;node-level&quot;, &quot;embedding&quot;, &quot;metaweb&quot;),
          PFIM=c(&quot;node-level&quot;, &quot;mechanistic&quot;, &quot;metaweb&quot;),
          Cascade=c(&quot;species agnostic&quot;, &quot;structural&quot;, &quot;synthetic network&quot;))

venn &lt;- Venn(x)
data &lt;- process_data(venn)
  </code>
  </sec>
  <p>Create venn diagram:</p>
  <sec id="cell-fig-venn-nb-2" specific-use="notebook-code">
  <code language="r script">ggVennDiagram(x, 
              label = &quot;none&quot;) +
  theme_void() +
  theme(legend.position = 'none')
  </code>
  <fig id="fig-venn-nb-2">
    <caption><p>Venn diagram for qualitative analysis/overview of the
    fancy maths things</p></caption>
    <graphic mimetype="image" mime-subtype="png" xlink:href="model_qualitative_files/figure-jats/fig-venn-1.png" />
  </fig>
  </sec>
  <p>Looking at it now I don’t think this is the wayTM and trying to
  sort of ‘ordinate’ modelling space might actually be more meaningful…
  Specifically thinking here that I need to also actually just read
  about model comparison (but without the performance aspect)</p>
</sec>
<sec id="ordination-approach-nb-2">
  <title>Ordination approach</title>
  <p>So at least according to McCune and Grace
  (<xref alt="2002" rid="ref-mccuneAnalysisEcologicalCommunities2002-nb-2" ref-type="bibr">2002</xref>)
  we should be able to ordinate using only categorical data although we
  should stick to an NMDS. Its just going to be a case of encoding said
  categories correctly. How I see it is that each category that we
  ‘create’ will be its own entry (we could maybe also just turn each
  category into a factor but this comes at the cost of assuming the
  distribution of said variable, well that’s what I infer form my 2
  minute skim read).</p>
</sec>
</body>



<back>
<ref-list>
  <title>References</title>
  <ref id="ref-gaoGgVennDiagramIntuitiveEasytoUse2021-nb-2">
    <element-citation publication-type="article-journal">
      <person-group person-group-type="author">
        <name><surname>Gao</surname><given-names>Chun-Hui</given-names></name>
        <name><surname>Yu</surname><given-names>Guangchuang</given-names></name>
        <name><surname>Cai</surname><given-names>Peng</given-names></name>
      </person-group>
      <article-title>ggVennDiagram: An Intuitive, Easy-to-Use, and Highly Customizable R Package to Generate Venn Diagram</article-title>
      <source>Frontiers in Genetics</source>
      <year iso-8601-date="2021">2021</year>
      <date-in-citation content-type="access-date"><year iso-8601-date="2024-02-12">2024</year><month>02</month><day>12</day></date-in-citation>
      <volume>12</volume>
      <issn>1664-8021</issn>
    </element-citation>
  </ref>
  <ref id="ref-mccuneAnalysisEcologicalCommunities2002-nb-2">
    <element-citation publication-type="book">
      <person-group person-group-type="author">
        <name><surname>McCune</surname><given-names>Bruce</given-names></name>
        <name><surname>Grace</surname><given-names>James</given-names><suffix>B</suffix></name>
      </person-group>
      <source>Analysis of Ecological Communities</source>
      <publisher-name>MjM Software Design</publisher-name>
      <publisher-loc>United States of America</publisher-loc>
      <year iso-8601-date="2002">2002</year>
      <isbn>0-9721290-0-6</isbn>
    </element-citation>
  </ref>
</ref-list>
</back>


</sub-article>

</article>