<?xml version="1.0" encoding="utf-8" ?>
<!DOCTYPE article PUBLIC "-//NLM//DTD JATS (Z39.96) Journal Archiving
and Interchange DTD v1.2 20190208//EN" "JATS-archivearticle1.dtd">

<article xmlns:mml="http://www.w3.org/1998/Math/MathML" xmlns:xlink="http://www.w3.org/1999/xlink" dtd-version="1.2" article-type="other">

<front>
<journal-meta>
<journal-id></journal-id>

<journal-title-group>
<journal-title>Earth and Space Science</journal-title>
</journal-title-group>
<issn></issn>

<publisher>
<publisher-name></publisher-name>
</publisher>
</journal-meta>


<article-meta>


<title-group>
<article-title>T is for Topology</article-title>
</title-group>

<contrib-group>
<contrib contrib-type="author" corresp="yes">
<contrib-id contrib-id-type="orcid">0000-0001-6067-1349</contrib-id>
<name>
<surname>Strydom</surname>
<given-names>Tanya</given-names>
</name>
<string-name>Tanya Strydom</string-name>

<email>t.strydom@sheffield.ac.uk</email>
<role>Words</role>
<role>Nonsense</role>
<role>Rascality</role>
<role>Visualisation (although absent)</role>
<xref ref-type="aff" rid="aff-1">a</xref>
<xref ref-type="corresp" rid="cor-1">&#x002A;</xref>
</contrib>
<contrib contrib-type="author">
<contrib-id contrib-id-type="orcid">0000-0002-7859-8394</contrib-id>
<name>
<surname>Beckerman</surname>
<given-names>Andrew P.</given-names>
</name>
<string-name>Andrew P. Beckerman</string-name>

<xref ref-type="aff" rid="aff-1">a</xref>
</contrib>
</contrib-group>
<aff id="aff-1">
<institution-wrap>
<institution>University of Sheffield</institution>
</institution-wrap>







</aff>
<author-notes>
<corresp id="cor-1">t.strydom@sheffield.ac.uk</corresp>
</author-notes>

<pub-date date-type="pub" publication-format="electronic" iso-8601-date="2024-02-07">
<year>2024</year>
<month>2</month>
<day>7</day>
</pub-date>







<history></history>


<abstract>
<p>Pending…</p>
</abstract>
<kwd-group kwd-group-type="author">
<kwd>food web</kwd>
<kwd>network construction</kwd>
</kwd-group>




</article-meta>

</front>

<body>
<sec id="introduction">
  <title>1 Introduction</title>
  <p>The standard run of the mill that we cannot always feasibly
  construct networks because 1. hard, 2. time (yay dinosaurs, but also
  the future and impending doom I guess), and 3. probably something else
  meaningful that’s just slipping my mind at the moment.</p>
  <p>Maybe a brief history of the development of predictive tools? Sort
  of where the theory/body of work was based and how that has
  changed?</p>
  <p>Maybe start here with discussing the core mechanistic differences
  that models will work at — some are really concerned about (and thus
  constrained by) structure, others are more mechanistic in nature
  <italic>i.e.,</italic> species <italic>a</italic> has the capacity to
  eat species <italic>b</italic> because traits (read gob size), and
  then you get Rohr et al.
  (<xref alt="2010" rid="ref-rohrModelingFoodWebs2010" ref-type="bibr">2010</xref>)
  and Strydom et al.
  (<xref alt="2022" rid="ref-strydomFoodWebReconstruction2022" ref-type="bibr">2022</xref>)
  that sit in the weird liminal latent space…</p>
  <p>At some point we are going to need to discuss the key differences
  and implications between predicting a metaweb and a network
  realisation. And here I can’t help but think about Poisot, Stouffer,
  and Gravel
  (<xref alt="2015" rid="ref-poisotSpeciesWhyEcological2015" ref-type="bibr">2015</xref>)
  (and probably other papers) that discuss how the local factors are
  going to play a role and even the same pair of species may interact
  differently in different points in the landscape.</p>
  <disp-quote>
    <p>Do we need to delve into individual-based networks?
    (<italic>sensu</italic> Tinker 2012, Araújo 2008) I think its
    probably a step too far and one starts creeping into apples and
    pears type of comparisons. Especially since these work off of
    already existing networks (I seem to recall) and its more about
    about ‘tweaking’ those - so not so much <italic>de novo</italic>
    predictions. Although this might be useful to keep in mind when it
    comes to re-wiring… Also on that note do we opn the re-wiring door
    here in this ms or wait it out a bit.</p>
  </disp-quote>
</sec>
<sec id="sec-data-methods">
  <title>2 Data &amp; Methods</title>
  <sec id="overview-of-topology-generators">
    <title>2.1 Overview of topology generators</title>
    <p>I know table are awful but in this case they may make more sense.
    Not sure about putting in some papers that have used the model -
    totes happy to drop those I think…</p>
    <fig id="tbl-history">
      <caption><p>Table 1: Lets make a table that gives an overview of
      the different topology generators that we will look
      at</p></caption>
      <table-wrap>
        <table>
          <colgroup>
            <col width="18%" />
            <col width="44%" />
            <col width="19%" />
            <col width="19%" />
          </colgroup>
          <thead>
            <tr>
              <th>Approach</th>
              <th>Reference</th>
              <th>Core Mechanism</th>
              <th><italic>e.g.,</italic> uses</th>
            </tr>
          </thead>
          <tbody>
            <tr>
              <td>Niche model</td>
              <td>Cohen, Newman, and Steele
              (<xref alt="1997" rid="ref-cohenStochasticTheoryCommunity1997" ref-type="bibr">1997</xref>)</td>
              <td>structural</td>
              <td></td>
            </tr>
            <tr>
              <td>Cascade model</td>
              <td>Williams and Martinez
              (<xref alt="2000" rid="ref-williamsSimpleRulesYield2000" ref-type="bibr">2000</xref>)</td>
              <td>structural</td>
              <td></td>
            </tr>
            <tr>
              <td>PFIM</td>
              <td>Shaw et al.
              (<xref alt="2024" rid="ref-shawFrameworkReconstructingAncient2024" ref-type="bibr">2024</xref>)</td>
              <td>mechanistic</td>
              <td>Dunhill (in review)</td>
            </tr>
            <tr>
              <td>Log-ratio</td>
              <td>Rohr et al.
              (<xref alt="2010" rid="ref-rohrModelingFoodWebs2010" ref-type="bibr">2010</xref>)</td>
              <td>latent trait space</td>
              <td>Yeakel et al.
              (<xref alt="2014" rid="ref-yeakelCollapseEcologicalNetwork2014" ref-type="bibr">2014</xref>),
              Pires et al.
              (<xref alt="2020" rid="ref-piresMegafaunalExtinctionsHuman2020" ref-type="bibr">2020</xref>)
              (?)</td>
            </tr>
            <tr>
              <td>Nested hierarchy</td>
              <td>Cattin et al.
              (<xref alt="2004" rid="ref-cattinPhylogeneticConstraintsAdaptation2004" ref-type="bibr">2004</xref>)</td>
              <td></td>
              <td></td>
            </tr>
            <tr>
              <td>ADBM</td>
              <td>Petchey et al.
              (<xref alt="2008" rid="ref-petcheySizeForagingFood2008" ref-type="bibr">2008</xref>)</td>
              <td>mechanistic</td>
              <td>probably multiple</td>
            </tr>
            <tr>
              <td>Stochastic</td>
              <td>Rossberg et al.
              (<xref alt="2006" rid="ref-rossbergFoodWebsExperts2006" ref-type="bibr">2006</xref>)</td>
              <td></td>
              <td></td>
            </tr>
            <tr>
              <td>Graph Embedding</td>
              <td>Strydom et al.
              (<xref alt="2022" rid="ref-strydomFoodWebReconstruction2022" ref-type="bibr">2022</xref>)</td>
              <td>latent trait space</td>
              <td></td>
            </tr>
            <tr>
              <td>Trait-based</td>
              <td>Caron et al.
              (<xref alt="2022" rid="ref-caronAddressingEltonianShortfall2022" ref-type="bibr">2022</xref>)</td>
              <td>mechanistic</td>
              <td>Caron et al.
              (<xref alt="2023" rid="ref-caronTrophicInteractionModels2023" ref-type="bibr">2023</xref>)</td>
            </tr>
          </tbody>
        </table>
      </table-wrap>
    </fig>
    <disp-quote>
      <p>Might be nice to have a little appendix/supp mat that breaks
      down the models in detail so that they are all in one place so
      that someone (grad student being told they need to build networks)
      some day can go and educate themselves with slightly lower effort.
      This will also be useful for me should I end up having to do some
      actual coding - think of this as step one in the pseudo code
      process.</p>
    </disp-quote>
  </sec>
  <sec id="datasets-used">
    <title>2.2 Datasets used</title>
    <p>Here I think we need to span a variety of domains, at minimum
    aquatic and terrestrial but maybe there should be a ‘scale’ element
    as well <italic>i.e.,</italic> a regional and local network. I think
    there is going to be a ‘turning point’ where structural will take
    over from mechanistic in terms of performance. More specifically at
    local scales bioenergetic constraints (and co-occurrence) may play a
    bigger role in structuring a network whereas at the metaweb level
    then mechanistic may make more (since by default its about who can
    potentially interact and obviously not constrained by real-world
    scenarios) <italic>sensu</italic> Caron et al.
    (<xref alt="2023" rid="ref-caronTrophicInteractionModels2023" ref-type="bibr">2023</xref>).
    Although having said that I feel that contradicts the idea of
    backbones (<italic>sensu</italic> Bramon Mora (sp?) et al &amp;
    Stouffer et al) But that might be where we get the idea of core
    <italic>structure</italic> vs something like linkage density. So
    core things like trophic level/chain length will be conserved but
    connectence might not (I think I understand what I’m trying to say
    here)</p>
    <p>I think we should also use the Dunne (I think) Cambrian (also
    think) network. Because 1) it gives the paleo-centric methods their
    moment in the sun and 2) I think it also brings up the interesting
    question of can we use modern structure to predict past ones? Here
    one might expect a more mechanistic approach to shine.</p>
  </sec>
  <sec id="comparing-different-models">
    <title>2.3 Comparing different models</title>
    <list list-type="order">
      <list-item>
        <p>Shortlist/finalise the different topo generators</p>
      </list-item>
      <list-item>
        <p>collate/translate into <monospace>Julia</monospace></p>
        <list list-type="bullet">
          <list-item>
            <p><italic>e.g.,</italic> some models wil be in EcoNets.jl,
            Transfer learning (strydom) should be ready to play</p>
          </list-item>
          <list-item>
            <p>others will need to be coded out (the more simpler models
            should be easier)</p>
          </list-item>
          <list-item>
            <p>can also consider <monospace>R</monospace> but then it
            becomes a case of porting things left and right depending on
            how we decide to do the post analyses</p>
          </list-item>
        </list>
      </list-item>
      <list-item>
        <p>Create networks for the different datasets/scenarios we
        select - I feel like there might be some scenarios that we can’t
        do all models for all datasets but maybe I’m being a
        pessimist.</p>
      </list-item>
      <list-item>
        <p>compare model performance based on the ideas currently listed
        in the results section.</p>
      </list-item>
      <list-item>
        <p>Make a pretty picture that summarises things - maybe
        overlapping Venn circles that showcase which models do well in
        the different spheres/aspects of life</p>
      </list-item>
    </list>
  </sec>
</sec>
<sec id="results">
  <title>3 Results</title>
  <p>How we want to compare and contrast. I think there won’t be a
  ‘winner’ and thus we need to think of ‘tests’ that are going to
  measure performance in different situations/settings. With that in
  mind I think some valuable points to consider would be:</p>
  <list list-type="bullet">
    <list-item>
      <p>Structural vs pairwise link predictions (graph vs node
      level)</p>
      <list list-type="bullet">
        <list-item>
          <p>% of links correctly retrieved</p>
        </list-item>
        <list-item>
          <p>connectence</p>
        </list-item>
        <list-item>
          <p>trophic level</p>
        </list-item>
        <list-item>
          <p>generalism vs specialism</p>
        </list-item>
        <list-item>
          <p>something related to false positives/negatives</p>
        </list-item>
        <list-item>
          <p>intervality</p>
        </list-item>
      </list>
    </list-item>
    <list-item>
      <p>Data ‘cost’ (some methods might need a lot lot of supporting
      data vs something very light weight)</p>
    </list-item>
    <list-item>
      <p>I think it would be remiss to not also take into consideration
      computational cost</p>
    </list-item>
    <list-item>
      <p>something about the network output - I’m acknowledging my
      biases and saying that probabilistic (or <italic>maybe</italic>
      weighted) links are the way</p>
    </list-item>
  </list>
  <disp-quote>
    <p>maybe we can put these into broader categories - if we do start
    doing the venn overlap thing. <italic>E.g.,</italic> local scale
    predictions, regional scale predictions, pairwise interactions,
    structural (energetics), computationally cheap, low cost data</p>
  </disp-quote>
</sec>
<sec id="discussion">
  <title>4 Discussion</title>
  <p>I think a big take home will (hopefully) be how different
  approaches do better in different situations and so you as an end user
  need to take this into consideration and pick accordingly.</p>
  <p>I probably think about this point too much but a point of
  discussion that I think will be interesting to bring up the idea that
  if a model is missing a specific pairwise link but doing well at the
  structural level when does it matter? I think this is covered with the
  whole node vs graph level performance but I kind of just want to bring
  it up here again because also one of those things that I think about a
  bit too much probably…</p>
  <disp-quote>
    <p>Thinking very longterm here and maybe a bit beyond the scope but
    also thinking about a multi- model approach? SO using one model to
    build an initial network but maybe a second one to constrain it a
    bit better. I blame this thought on the over-connected PFIM food
    webs…</p>
  </disp-quote>
</sec>
</body>

<back>
<ref-list>
  <title>References</title>
  <ref id="ref-caronAddressingEltonianShortfall2022">
    <element-citation publication-type="article-journal">
      <person-group person-group-type="author">
        <name><surname>Caron</surname><given-names>Dominique</given-names></name>
        <name><surname>Maiorano</surname><given-names>Luigi</given-names></name>
        <name><surname>Thuiller</surname><given-names>Wilfried</given-names></name>
        <name><surname>Pollock</surname><given-names>Laura J.</given-names></name>
      </person-group>
      <article-title>Addressing the Eltonian shortfall with trait-based interaction models</article-title>
      <source>Ecology Letters</source>
      <year iso-8601-date="2022">2022</year>
      <date-in-citation content-type="access-date"><year iso-8601-date="2023-09-15">2023</year><month>09</month><day>15</day></date-in-citation>
      <volume>25</volume>
      <issue>4</issue>
      <issn>1461-0248</issn>
      <pub-id pub-id-type="doi">10.1111/ele.13966</pub-id>
      <fpage>889</fpage>
      <lpage>899</lpage>
    </element-citation>
  </ref>
  <ref id="ref-caronTrophicInteractionModels2023">
    <element-citation>
      <person-group person-group-type="author">
        <name><surname>Caron</surname><given-names>Dominique</given-names></name>
        <name><surname>Brose</surname><given-names>Ulrich</given-names></name>
        <name><surname>Lurgi</surname><given-names>Miguel</given-names></name>
        <name><surname>Blanchet</surname><given-names>Guillaume</given-names></name>
        <name><surname>Gravel</surname><given-names>Dominique</given-names></name>
        <name><surname>Pollock</surname><given-names>Laura J.</given-names></name>
      </person-group>
      <article-title>Trophic interaction models predict interactions across space, not food webs</article-title>
      <publisher-name>EcoEvoRxiv</publisher-name>
      <year iso-8601-date="2023-05">2023</year><month>05</month>
      <date-in-citation content-type="access-date"><year iso-8601-date="2023-09-15">2023</year><month>09</month><day>15</day></date-in-citation>
      <pub-id pub-id-type="doi">10.32942/X29K55</pub-id>
    </element-citation>
  </ref>
  <ref id="ref-cattinPhylogeneticConstraintsAdaptation2004">
    <element-citation publication-type="article-journal">
      <person-group person-group-type="author">
        <name><surname>Cattin</surname><given-names>Marie-France</given-names></name>
        <name><surname>Bersier</surname><given-names>Louis-Félix</given-names></name>
        <name><surname>Banašek-Richter</surname><given-names>Carolin</given-names></name>
        <name><surname>Baltensperger</surname><given-names>Richard</given-names></name>
        <name><surname>Gabriel</surname><given-names>Jean-Pierre</given-names></name>
      </person-group>
      <article-title>Phylogenetic constraints and adaptation explain food-web structure</article-title>
      <source>Nature</source>
      <publisher-name>Nature Publishing Group</publisher-name>
      <year iso-8601-date="2004-02">2004</year><month>02</month>
      <date-in-citation content-type="access-date"><year iso-8601-date="2024-02-01">2024</year><month>02</month><day>01</day></date-in-citation>
      <volume>427</volume>
      <issue>6977</issue>
      <issn>1476-4687</issn>
      <pub-id pub-id-type="doi">10.1038/nature02327</pub-id>
      <fpage>835</fpage>
      <lpage>839</lpage>
    </element-citation>
  </ref>
  <ref id="ref-cohenStochasticTheoryCommunity1997">
    <element-citation publication-type="article-journal">
      <person-group person-group-type="author">
        <name><surname>Cohen</surname><given-names>Joel E.</given-names></name>
        <name><surname>Newman</surname><given-names>C. M.</given-names></name>
        <name><surname>Steele</surname><given-names>John Hyslop</given-names></name>
      </person-group>
      <article-title>A stochastic theory of community food webs I. Models and aggregated data</article-title>
      <source>Proceedings of the Royal Society of London. Series B. Biological Sciences</source>
      <publisher-name>Royal Society</publisher-name>
      <year iso-8601-date="1997-01">1997</year><month>01</month>
      <date-in-citation content-type="access-date"><year iso-8601-date="2024-02-01">2024</year><month>02</month><day>01</day></date-in-citation>
      <volume>224</volume>
      <issue>1237</issue>
      <pub-id pub-id-type="doi">10.1098/rspb.1985.0042</pub-id>
      <fpage>421</fpage>
      <lpage>448</lpage>
    </element-citation>
  </ref>
  <ref id="ref-petcheySizeForagingFood2008">
    <element-citation publication-type="article-journal">
      <person-group person-group-type="author">
        <name><surname>Petchey</surname><given-names>Owen L.</given-names></name>
        <name><surname>Beckerman</surname><given-names>Andrew P.</given-names></name>
        <name><surname>Riede</surname><given-names>Jens O.</given-names></name>
        <name><surname>Warren</surname><given-names>Philip H.</given-names></name>
      </person-group>
      <article-title>Size, foraging, and food web structure</article-title>
      <source>Proceedings of the National Academy of Sciences</source>
      <year iso-8601-date="2008-03">2008</year><month>03</month>
      <date-in-citation content-type="access-date"><year iso-8601-date="2024-01-15">2024</year><month>01</month><day>15</day></date-in-citation>
      <volume>105</volume>
      <issue>11</issue>
      <issn>0027-8424, 1091-6490</issn>
      <pub-id pub-id-type="doi">10.1073/pnas.0710672105</pub-id>
      <fpage>4191</fpage>
      <lpage>4196</lpage>
    </element-citation>
  </ref>
  <ref id="ref-piresMegafaunalExtinctionsHuman2020">
    <element-citation publication-type="article-journal">
      <person-group person-group-type="author">
        <name><surname>Pires</surname><given-names>Mathias M.</given-names></name>
        <name><surname>Rindel</surname><given-names>Diego</given-names></name>
        <name><surname>Moscardi</surname><given-names>Bruno</given-names></name>
        <name><surname>Cruz</surname><given-names>Livia R.</given-names></name>
        <name><surname>Guimarães</surname><given-names>Paulo R.</given-names></name>
        <name><surname>dos Reis</surname><given-names>Sergio F.</given-names></name>
        <name><surname>Perez</surname><given-names>S. Ivan</given-names></name>
      </person-group>
      <article-title>Before, during and after megafaunal extinctions: Human impact on Pleistocene-Holocene trophic networks in South Patagonia</article-title>
      <source>Quaternary Science Reviews</source>
      <year iso-8601-date="2020-12">2020</year><month>12</month>
      <date-in-citation content-type="access-date"><year iso-8601-date="2024-02-01">2024</year><month>02</month><day>01</day></date-in-citation>
      <volume>250</volume>
      <issn>0277-3791</issn>
      <pub-id pub-id-type="doi">10.1016/j.quascirev.2020.106696</pub-id>
      <fpage>106696</fpage>
      <lpage></lpage>
    </element-citation>
  </ref>
  <ref id="ref-poisotSpeciesWhyEcological2015">
    <element-citation publication-type="article-journal">
      <person-group person-group-type="author">
        <name><surname>Poisot</surname><given-names>Timothée</given-names></name>
        <name><surname>Stouffer</surname><given-names>Daniel B.</given-names></name>
        <name><surname>Gravel</surname><given-names>Dominique</given-names></name>
      </person-group>
      <article-title>Beyond species: Why ecological interaction networks vary through space and time</article-title>
      <source>Oikos</source>
      <year iso-8601-date="2015">2015</year>
      <date-in-citation content-type="access-date"><year iso-8601-date="2020-08-28">2020</year><month>08</month><day>28</day></date-in-citation>
      <volume>124</volume>
      <issue>3</issue>
      <issn>1600-0706</issn>
      <pub-id pub-id-type="doi">10.1111/oik.01719</pub-id>
      <fpage>243</fpage>
      <lpage>251</lpage>
    </element-citation>
  </ref>
  <ref id="ref-rohrModelingFoodWebs2010">
    <element-citation publication-type="article-journal">
      <person-group person-group-type="author">
        <name><surname>Rohr</surname><given-names>Rudolf Philippe</given-names></name>
        <name><surname>Scherer</surname><given-names>Heike</given-names></name>
        <name><surname>Kehrli</surname><given-names>Patrik</given-names></name>
        <name><surname>Mazza</surname><given-names>Christian</given-names></name>
        <name><surname>Bersier</surname><given-names>Louis-Félix</given-names></name>
      </person-group>
      <article-title>Modeling Food Webs: Exploring Unexplained Structure Using Latent Traits.</article-title>
      <source>The American Naturalist</source>
      <publisher-name>The University of Chicago Press</publisher-name>
      <year iso-8601-date="2010-08">2010</year><month>08</month>
      <date-in-citation content-type="access-date"><year iso-8601-date="2024-02-01">2024</year><month>02</month><day>01</day></date-in-citation>
      <volume>176</volume>
      <issue>2</issue>
      <issn>0003-0147</issn>
      <pub-id pub-id-type="doi">10.1086/653667</pub-id>
      <fpage>170</fpage>
      <lpage>177</lpage>
    </element-citation>
  </ref>
  <ref id="ref-rossbergFoodWebsExperts2006">
    <element-citation publication-type="article-journal">
      <person-group person-group-type="author">
        <name><surname>Rossberg</surname><given-names>A. G.</given-names></name>
        <name><surname>Matsuda</surname><given-names>H.</given-names></name>
        <name><surname>Amemiya</surname><given-names>T.</given-names></name>
        <name><surname>Itoh</surname><given-names>K.</given-names></name>
      </person-group>
      <article-title>Food webs: Experts consuming families of experts</article-title>
      <source>Journal of Theoretical Biology</source>
      <year iso-8601-date="2006-08">2006</year><month>08</month>
      <date-in-citation content-type="access-date"><year iso-8601-date="2024-02-01">2024</year><month>02</month><day>01</day></date-in-citation>
      <volume>241</volume>
      <issue>3</issue>
      <issn>0022-5193</issn>
      <pub-id pub-id-type="doi">10.1016/j.jtbi.2005.12.021</pub-id>
      <fpage>552</fpage>
      <lpage>563</lpage>
    </element-citation>
  </ref>
  <ref id="ref-shawFrameworkReconstructingAncient2024">
    <element-citation>
      <person-group person-group-type="author">
        <name><surname>Shaw</surname><given-names>Jack O.</given-names></name>
        <name><surname>Dunhill</surname><given-names>Alexander M.</given-names></name>
        <name><surname>Beckerman</surname><given-names>Andrew P.</given-names></name>
        <name><surname>Dunne</surname><given-names>Jennifer A.</given-names></name>
        <name><surname>Hull</surname><given-names>Pincelli M.</given-names></name>
      </person-group>
      <article-title>A framework for reconstructing ancient food webs using functional trait data</article-title>
      <publisher-name>bioRxiv</publisher-name>
      <year iso-8601-date="2024-01">2024</year><month>01</month>
      <date-in-citation content-type="access-date"><year iso-8601-date="2024-02-01">2024</year><month>02</month><day>01</day></date-in-citation>
      <pub-id pub-id-type="doi">10.1101/2024.01.30.578036</pub-id>
      <fpage>2024.01.30.578036</fpage>
      <lpage></lpage>
    </element-citation>
  </ref>
  <ref id="ref-strydomFoodWebReconstruction2022">
    <element-citation publication-type="article-journal">
      <person-group person-group-type="author">
        <name><surname>Strydom</surname><given-names>Tanya</given-names></name>
        <name><surname>Bouskila</surname><given-names>Salomé</given-names></name>
        <name><surname>Banville</surname><given-names>Francis</given-names></name>
        <name><surname>Barros</surname><given-names>Ceres</given-names></name>
        <name><surname>Caron</surname><given-names>Dominique</given-names></name>
        <name><surname>Farrell</surname><given-names>Maxwell J.</given-names></name>
        <name><surname>Fortin</surname><given-names>Marie-Josée</given-names></name>
        <name><surname>Hemming</surname><given-names>Victoria</given-names></name>
        <name><surname>Mercier</surname><given-names>Benjamin</given-names></name>
        <name><surname>Pollock</surname><given-names>Laura J.</given-names></name>
        <name><surname>Runghen</surname><given-names>Rogini</given-names></name>
        <name><surname>Dalla Riva</surname><given-names>Giulio V.</given-names></name>
        <name><surname>Poisot</surname><given-names>Timothée</given-names></name>
      </person-group>
      <article-title>Food web reconstruction through phylogenetic transfer of low-rank network representation</article-title>
      <source>Methods in Ecology and Evolution</source>
      <year iso-8601-date="2022">2022</year>
      <date-in-citation content-type="access-date"><year iso-8601-date="2024-02-06">2024</year><month>02</month><day>06</day></date-in-citation>
      <volume>13</volume>
      <issue>12</issue>
      <issn>2041-210X</issn>
      <pub-id pub-id-type="doi">10.1111/2041-210X.13835</pub-id>
      <fpage>2838</fpage>
      <lpage>2849</lpage>
    </element-citation>
  </ref>
  <ref id="ref-williamsSimpleRulesYield2000">
    <element-citation publication-type="article-journal">
      <person-group person-group-type="author">
        <name><surname>Williams</surname><given-names>Richard J.</given-names></name>
        <name><surname>Martinez</surname><given-names>Neo D.</given-names></name>
      </person-group>
      <article-title>Simple rules yield complex food webs</article-title>
      <source>Nature</source>
      <publisher-name>Nature Publishing Group</publisher-name>
      <year iso-8601-date="2000-03">2000</year><month>03</month>
      <date-in-citation content-type="access-date"><year iso-8601-date="2024-02-01">2024</year><month>02</month><day>01</day></date-in-citation>
      <volume>404</volume>
      <issue>6774</issue>
      <issn>1476-4687</issn>
      <pub-id pub-id-type="doi">10.1038/35004572</pub-id>
      <fpage>180</fpage>
      <lpage>183</lpage>
    </element-citation>
  </ref>
  <ref id="ref-yeakelCollapseEcologicalNetwork2014">
    <element-citation publication-type="article-journal">
      <person-group person-group-type="author">
        <name><surname>Yeakel</surname><given-names>Justin D.</given-names></name>
        <name><surname>Pires</surname><given-names>Mathias M.</given-names></name>
        <name><surname>Rudolf</surname><given-names>Lars</given-names></name>
        <name><surname>Dominy</surname><given-names>Nathaniel J.</given-names></name>
        <name><surname>Koch</surname><given-names>Paul L.</given-names></name>
        <name><surname>Guimarães</surname><given-names>Paulo R.</given-names></name>
        <name><surname>Gross</surname><given-names>Thilo</given-names></name>
      </person-group>
      <article-title>Collapse of an ecological network in Ancient Egypt</article-title>
      <source>PNAS</source>
      <year iso-8601-date="2014-10">2014</year><month>10</month>
      <date-in-citation content-type="access-date"><year iso-8601-date="2015-03-03">2015</year><month>03</month><day>03</day></date-in-citation>
      <volume>111</volume>
      <issue>40</issue>
      <pub-id pub-id-type="doi">10.1073/pnas.1408471111</pub-id>
      <fpage>14472</fpage>
      <lpage>14477</lpage>
    </element-citation>
  </ref>
</ref-list>
</back>



</article>