{
  "hash": "b449ee71463cdd0114005fe99d9a0693",
  "result": {
    "engine": "knitr",
    "markdown": "---\ntitle: Quantitative approach to topology generators\nauthor: Tanya Strydom\ndate: last-modified\nbibliography: ../references.bib\n---\n\n\n\n\nI think in the long run I will probably turn the other repo ([BecksLab/topology_generators](https://github.com/BecksLab/topology_generators)) into a project that we can then access and I will port all of the working code here... I think it will just come down to what the 'cost' is of the computational side of things and how convoluted it might end up looking.\n\nAnyway so for now I am just pulling in the INTERIM data from some of the models. This uses (for now) 20 mangal [@poisotMangalMakingEcological2016] datasets and just generates some networks for using the niche and cascade models. The 'results' for now is just counting the number of links each model generates for each network because that's what my brain decided on doing...\n\n\n\n\n::: {.cell .hidden}\n\n```{.r .cell-code .hidden}\n#| include: false\n#| echo: false\nlibrary(tidyverse)\n```\n\n::: {.cell-output .cell-output-stderr .hidden}\n\n```\n── Attaching core tidyverse packages ──────────────────────── tidyverse 2.0.0 ──\n✔ dplyr     1.1.4     ✔ readr     2.1.5\n✔ forcats   1.0.0     ✔ stringr   1.5.1\n✔ ggplot2   3.4.4     ✔ tibble    3.2.1\n✔ lubridate 1.9.3     ✔ tidyr     1.3.1\n✔ purrr     1.0.2     \n── Conflicts ────────────────────────────────────────── tidyverse_conflicts() ──\n✖ dplyr::filter() masks stats::filter()\n✖ dplyr::lag()    masks stats::lag()\nℹ Use the conflicted package (<http://conflicted.r-lib.org/>) to force all conflicts to become errors\n```\n\n\n:::\n\n```{.r .cell-code .hidden}\n#| include: false\n#| echo: false\n# download file from other repo\ndownload.file(\"https://raw.githubusercontent.com/BecksLab/topology_generators/main/data/topology_summary.csv\", \"notebooks/data/topology_models.csv\")\n```\n\n::: {.cell-output .cell-output-stderr .hidden}\n\n```\nWarning in\ndownload.file(\"https://raw.githubusercontent.com/BecksLab/topology_generators/main/data/topology_summary.csv\",\n: URL\nhttps://raw.githubusercontent.com/BecksLab/topology_generators/main/data/topology_summary.csv:\ncannot open destfile 'notebooks/data/topology_models.csv', reason 'No such file\nor directory'\n```\n\n\n:::\n\n::: {.cell-output .cell-output-stderr .hidden}\n\n```\nWarning in\ndownload.file(\"https://raw.githubusercontent.com/BecksLab/topology_generators/main/data/topology_summary.csv\",\n: download had nonzero exit status\n```\n\n\n:::\n\n```{.r .cell-code .hidden}\n#| include: false\n#| echo: false\ndf = read.csv(\"data/topology_models.csv\") %>%\n        pivot_longer(\n            cols = c(niche_complexity, cascade_complexity, niche_distance, cascade_distance), \n            names_to = \"model\",\n            values_to = \"model_val\") %>% \n        pivot_longer(\n            cols = c(complexity, distance), \n            names_to = \"real\",\n            values_to = \"real_val\")  %>% \n        mutate(\n            test = str_extract(model, \"(?<=_)(.*)\"),\n            model = str_extract(model, \"[^_]*\")) %>%\n        filter(\n            real == test)\n```\n:::\n\n\n\n\nLets just do a simple little plot where we plot real vs model observed\n\n\n\n\n::: {#cell-fig-topology .cell}\n\n```{.r .cell-code .hidden}\n#| echo: false\n#| label: fig-topology\n#| fig-cap: \"Real vs observed values for network summary statistics\"\n#| fig-alt: \"TODO\"\nggplot() +\n    geom_abline(slope = 1,\n                intercept = 0) +\n    geom_point(data = df,\n                aes(x = real_val,\n                    y = model_val,\n                    size = richness,\n                    colour = model,\n                    fill = model),\n                alpha = 0.7,\n                shape = 21) +\n    facet_wrap(vars(test),\n                scales = \"free\") +\n    scale_size(guide = 'none') +\n    theme_bw()\n```\n\n::: {.cell-output-display}\n![Real vs observed values for network summary statistics](model_quantitative_files/figure-jats/fig-topology-1.png){#fig-topology fig-alt='TODO'}\n:::\n:::\n\n\n\n\n## References {.unnumbered}\n\n::: {#refs}\n:::",
    "supporting": [
      "model_quantitative_files/figure-jats"
    ],
    "filters": [
      "rmarkdown/pagebreak.lua"
    ],
    "includes": {},
    "engineDependencies": {},
    "preserve": null,
    "postProcess": false
  }
}